timestamp,value,site_id
2025-01-01T00:00:00Z,140.157,site-a
2025-01-01T01:00:00Z,141.248,site-a
2025-01-01T02:00:00Z,145.506,site-a
2025-01-01T03:00:00Z,149.72,site-a
2025-01-01T04:00:00Z,149.846,site-a
2025-01-01T05:00:00Z,160.404,site-a
2025-01-01T06:00:00Z,160.025,site-a
2025-01-01T07:00:00Z,160.017,site-a
2025-01-01T08:00:00Z,167.86,site-a
2025-01-01T09:00:00Z,166.011,site-a
2025-01-01T10:00:00Z,168.163,site-a
2025-01-01T11:00:00Z,165.629,site-a
2025-01-01T12:00:00Z,159.029,site-a
2025-01-01T13:00:00Z,155.429,site-a
2025-01-01T14:00:00Z,153.555,site-a
2025-01-01T15:00:00Z,150.523,site-a
2025-01-01T16:00:00Z,148.414,site-a
2025-01-01T17:00:00Z,142.865,site-a
2025-01-01T18:00:00Z,141.926,site-a
2025-01-01T19:00:00Z,135.143,site-a
2025-01-01T20:00:00Z,137.202,site-a
2025-01-01T21:00:00Z,134.965,site-a
2025-01-01T22:00:00Z,138.676,site-a
2025-01-01T23:00:00Z,140.701,site-a
2025-01-02T00:00:00Z,140.598,site-a
2025-01-02T01:00:00Z,142.51,site-a
2025-01-02T02:00:00Z,143.923,site-a
2025-01-02T03:00:00Z,152.193,site-a
2025-01-02T04:00:00Z,153.928,site-a
2025-01-02T05:00:00Z,156.75,site-a
2025-01-02T06:00:00Z,159.523,site-a
2025-01-02T07:00:00Z,162.064,site-a
2025-01-02T08:00:00Z,162.666,site-a
2025-01-02T09:00:00Z,165.88,site-a
2025-01-02T10:00:00Z,162.422,site-a
2025-01-02T11:00:00Z,159.7,site-a
2025-01-02T12:00:00Z,158.973,site-a
2025-01-02T13:00:00Z,158.012,site-a
2025-01-02T14:00:00Z,157.654,site-a
2025-01-02T15:00:00Z,149.551,site-a
2025-01-02T16:00:00Z,145.855,site-a
2025-01-02T17:00:00Z,144.118,site-a
2025-01-02T18:00:00Z,142.668,site-a
2025-01-02T19:00:00Z,136.693,site-a
2025-01-02T20:00:00Z,138.858,site-a
2025-01-02T21:00:00Z,137.714,site-a
2025-01-02T22:00:00Z,134.106,site-a
2025-01-02T23:00:00Z,136.826,site-a
2025-01-03T00:00:00Z,136.268,site-a
2025-01-03T01:00:00Z,142.648,site-a
2025-01-03T02:00:00Z,147.223,site-a
2025-01-03T03:00:00Z,149.341,site-a
2025-01-03T04:00:00Z,157.117,site-a
2025-01-03T05:00:00Z,160.112,site-a
2025-01-03T06:00:00Z,164.485,site-a
2025-01-03T07:00:00Z,162.043,site-a
2025-01-03T08:00:00Z,166.518,site-a
2025-01-03T09:00:00Z,167.241,site-a
2025-01-03T10:00:00Z,161.482,site-a
2025-01-03T11:00:00Z,161.79,site-a
2025-01-03T12:00:00Z,165.337,site-a
2025-01-03T13:00:00Z,159.507,site-a
2025-01-03T14:00:00Z,152.52,site-a
2025-01-03T15:00:00Z,147.255,site-a
2025-01-03T16:00:00Z,146.473,site-a
2025-01-03T17:00:00Z,139.661,site-a
2025-01-03T18:00:00Z,139.715,site-a
2025-01-03T19:00:00Z,136.683,site-a
2025-01-03T20:00:00Z,136.649,site-a
2025-01-03T21:00:00Z,132.584,site-a
2025-01-03T22:00:00Z,137.919,site-a
2025-01-03T23:00:00Z,140.411,site-a
2025-01-04T00:00:00Z,124.756,site-a
2025-01-04T01:00:00Z,128.269,site-a
2025-01-04T02:00:00Z,134.421,site-a
2025-01-04T03:00:00Z,131.673,site-a
2025-01-04T04:00:00Z,136.145,site-a
2025-01-04T05:00:00Z,145.431,site-a
2025-01-04T06:00:00Z,146.957,site-a
2025-01-04T07:00:00Z,152.615,site-a
2025-01-04T08:00:00Z,150.484,site-a
2025-01-04T09:00:00Z,150.319,site-a
2025-01-04T10:00:00Z,150.929,site-a
2025-01-04T11:00:00Z,147.151,site-a
2025-01-04T12:00:00Z,143.047,site-a
2025-01-04T13:00:00Z,142.763,site-a
2025-01-04T14:00:00Z,142.679,site-a
2025-01-04T15:00:00Z,136.935,site-a
2025-01-04T16:00:00Z,132.668,site-a
2025-01-04T17:00:00Z,132.443,site-a
2025-01-04T18:00:00Z,128.289,site-a
2025-01-04T19:00:00Z,121.095,site-a
2025-01-04T20:00:00Z,121.688,site-a
2025-01-04T21:00:00Z,122.648,site-a
2025-01-04T22:00:00Z,121.147,site-a
2025-01-04T23:00:00Z,120.294,site-a
2025-01-05T00:00:00Z,123.915,site-a
2025-01-05T01:00:00Z,128.517,site-a
2025-01-05T02:00:00Z,131.464,site-a
2025-01-05T03:00:00Z,138.803,site-a
2025-01-05T04:00:00Z,140.295,site-a
2025-01-05T05:00:00Z,144.097,site-a
2025-01-05T06:00:00Z,147.552,site-a
2025-01-05T07:00:00Z,151.047,site-a
2025-01-05T08:00:00Z,147.108,site-a
2025-01-05T09:00:00Z,152.351,site-a
2025-01-05T10:00:00Z,154.001,site-a
2025-01-05T11:00:00Z,149.004,site-a
2025-01-05T12:00:00Z,148.509,site-a
2025-01-05T13:00:00Z,144.269,site-a
2025-01-05T14:00:00Z,137.219,site-a
2025-01-05T15:00:00Z,135.314,site-a
2025-01-05T16:00:00Z,133.357,site-a
2025-01-05T17:00:00Z,127.408,site-a
2025-01-05T18:00:00Z,125.668,site-a
2025-01-05T19:00:00Z,121.535,site-a
2025-01-05T20:00:00Z,125.494,site-a
2025-01-05T21:00:00Z,121.556,site-a
2025-01-05T22:00:00Z,119.32,site-a
2025-01-05T23:00:00Z,119.971,site-a
2025-01-06T00:00:00Z,142.258,site-a
2025-01-06T01:00:00Z,141.079,site-a
2025-01-06T02:00:00Z,144.009,site-a
2025-01-06T03:00:00Z,151.758,site-a
2025-01-06T04:00:00Z,158.265,site-a
2025-01-06T05:00:00Z,160.162,site-a
2025-01-06T06:00:00Z,162.385,site-a
2025-01-06T07:00:00Z,162.041,site-a
2025-01-06T08:00:00Z,162.595,site-a
2025-01-06T09:00:00Z,169.291,site-a
2025-01-06T10:00:00Z,164.933,site-a
2025-01-06T11:00:00Z,166.711,site-a
2025-01-06T12:00:00Z,159.82,site-a
2025-01-06T13:00:00Z,157.825,site-a
2025-01-06T14:00:00Z,158.17,site-a
2025-01-06T15:00:00Z,154.169,site-a
2025-01-06T16:00:00Z,145.117,site-a
2025-01-06T17:00:00Z,143.389,site-a
2025-01-06T18:00:00Z,142.692,site-a
2025-01-06T19:00:00Z,137.71,site-a
2025-01-06T20:00:00Z,134.938,site-a
2025-01-06T21:00:00Z,139.618,site-a
2025-01-06T22:00:00Z,134.958,site-a
2025-01-06T23:00:00Z,134.395,site-a
2025-01-07T00:00:00Z,142.162,site-a
2025-01-07T01:00:00Z,143.135,site-a
2025-01-07T02:00:00Z,145.333,site-a
2025-01-07T03:00:00Z,150.964,site-a
2025-01-07T04:00:00Z,152.967,site-a
2025-01-07T05:00:00Z,160.584,site-a
2025-01-07T06:00:00Z,163.53,site-a
2025-01-07T07:00:00Z,165.884,site-a
2025-01-07T08:00:00Z,169.87,site-a
2025-01-07T09:00:00Z,165.807,site-a
2025-01-07T10:00:00Z,165.45,site-a
2025-01-07T11:00:00Z,164.01,site-a
2025-01-07T12:00:00Z,165.047,site-a
2025-01-07T13:00:00Z,160.297,site-a
2025-01-07T14:00:00Z,156.455,site-a
2025-01-07T15:00:00Z,153.511,site-a
2025-01-07T16:00:00Z,146.815,site-a
2025-01-07T17:00:00Z,148.128,site-a
2025-01-07T18:00:00Z,144.931,site-a
2025-01-07T19:00:00Z,137.266,site-a
2025-01-07T20:00:00Z,139.425,site-a
2025-01-07T21:00:00Z,139.362,site-a
2025-01-07T22:00:00Z,140.492,site-a
2025-01-07T23:00:00Z,139.457,site-a
2025-01-08T00:00:00Z,138.335,site-a
2025-01-08T01:00:00Z,140.979,site-a
2025-01-08T02:00:00Z,148.008,site-a
2025-01-08T03:00:00Z,150.203,site-a
2025-01-08T04:00:00Z,155.998,site-a
2025-01-08T05:00:00Z,157.305,site-a
2025-01-08T06:00:00Z,162.233,site-a
2025-01-08T07:00:00Z,161.719,site-a
2025-01-08T08:00:00Z,164.846,site-a
2025-01-08T09:00:00Z,168.38,site-a
2025-01-08T10:00:00Z,168.842,site-a
2025-01-08T11:00:00Z,162.344,site-a
2025-01-08T12:00:00Z,162.933,site-a
2025-01-08T13:00:00Z,161.979,site-a
2025-01-08T14:00:00Z,157.101,site-a
2025-01-08T15:00:00Z,152.767,site-a
2025-01-08T16:00:00Z,144.36,site-a
2025-01-08T17:00:00Z,142.035,site-a
2025-01-08T18:00:00Z,143.332,site-a
2025-01-08T19:00:00Z,141.148,site-a
2025-01-08T20:00:00Z,137.725,site-a
2025-01-08T21:00:00Z,136.221,site-a
2025-01-08T22:00:00Z,140.825,site-a
2025-01-08T23:00:00Z,135.854,site-a
2025-01-09T00:00:00Z,138.603,site-a
2025-01-09T01:00:00Z,143.099,site-a
2025-01-09T02:00:00Z,145.464,site-a
2025-01-09T03:00:00Z,147.842,site-a
2025-01-09T04:00:00Z,155.469,site-a
2025-01-09T05:00:00Z,163.078,site-a
2025-01-09T06:00:00Z,163.669,site-a
2025-01-09T07:00:00Z,168.552,site-a
2025-01-09T08:00:00Z,162.968,site-a
2025-01-09T09:00:00Z,167.216,site-a
2025-01-09T10:00:00Z,169.019,site-a
2025-01-09T11:00:00Z,165.384,site-a
2025-01-09T12:00:00Z,159.529,site-a
2025-01-09T13:00:00Z,156.696,site-a
2025-01-09T14:00:00Z,153.242,site-a
2025-01-09T15:00:00Z,150.123,site-a
2025-01-09T16:00:00Z,144.89,site-a
2025-01-09T17:00:00Z,145.681,site-a
2025-01-09T18:00:00Z,139.036,site-a
2025-01-09T19:00:00Z,142.217,site-a
2025-01-09T20:00:00Z,141.667,site-a
2025-01-09T21:00:00Z,140.733,site-a
2025-01-09T22:00:00Z,134.591,site-a
2025-01-09T23:00:00Z,141.635,site-a
2025-01-10T00:00:00Z,140.367,site-a
2025-01-10T01:00:00Z,146.793,site-a
2025-01-10T02:00:00Z,151.535,site-a
2025-01-10T03:00:00Z,148.154,site-a
2025-01-10T04:00:00Z,155.624,site-a
2025-01-10T05:00:00Z,161.152,site-a
2025-01-10T06:00:00Z,159.141,site-a
2025-01-10T07:00:00Z,165.141,site-a
2025-01-10T08:00:00Z,163.861,site-a
2025-01-10T09:00:00Z,169.996,site-a
2025-01-10T10:00:00Z,168.182,site-a
2025-01-10T11:00:00Z,168.048,site-a
2025-01-10T12:00:00Z,163.172,site-a
2025-01-10T13:00:00Z,161.342,site-a
2025-01-10T14:00:00Z,153.223,site-a
2025-01-10T15:00:00Z,155.206,site-a
2025-01-10T16:00:00Z,148.994,site-a
2025-01-10T17:00:00Z,146.847,site-a
2025-01-10T18:00:00Z,139.531,site-a
2025-01-10T19:00:00Z,141.255,site-a
2025-01-10T20:00:00Z,134.718,site-a
2025-01-10T21:00:00Z,133.445,site-a
2025-01-10T22:00:00Z,134.356,site-a
2025-01-10T23:00:00Z,138.337,site-a
2025-01-11T00:00:00Z,125.28,site-a
2025-01-11T01:00:00Z,128.436,site-a
2025-01-11T02:00:00Z,129.785,site-a
2025-01-11T03:00:00Z,138.818,site-a
2025-01-11T04:00:00Z,141.213,site-a
2025-01-11T05:00:00Z,141.436,site-a
2025-01-11T06:00:00Z,144.001,site-a
2025-01-11T07:00:00Z,153.115,site-a
2025-01-11T08:00:00Z,151.333,site-a
2025-01-11T09:00:00Z,155.482,site-a
2025-01-11T10:00:00Z,152.853,site-a
2025-01-11T11:00:00Z,150.752,site-a
2025-01-11T12:00:00Z,147.827,site-a
2025-01-11T13:00:00Z,147.129,site-a
2025-01-11T14:00:00Z,138.217,site-a
2025-01-11T15:00:00Z,137.401,site-a
2025-01-11T16:00:00Z,129.96,site-a
2025-01-11T17:00:00Z,131.338,site-a
2025-01-11T18:00:00Z,123.342,site-a
2025-01-11T19:00:00Z,128.347,site-a
2025-01-11T20:00:00Z,123.918,site-a
2025-01-11T21:00:00Z,119.301,site-a
2025-01-11T22:00:00Z,121.198,site-a
2025-01-11T23:00:00Z,120.782,site-a
2025-01-12T00:00:00Z,129.329,site-a
2025-01-12T01:00:00Z,127.402,site-a
2025-01-12T02:00:00Z,135.689,site-a
2025-01-12T03:00:00Z,139.737,site-a
2025-01-12T04:00:00Z,138.625,site-a
2025-01-12T05:00:00Z,146.222,site-a
2025-01-12T06:00:00Z,146.422,site-a
2025-01-12T07:00:00Z,150.125,site-a
2025-01-12T08:00:00Z,155.37,site-a
2025-01-12T09:00:00Z,153.614,site-a
2025-01-12T10:00:00Z,153.634,site-a
2025-01-12T11:00:00Z,149.732,site-a
2025-01-12T12:00:00Z,146.317,site-a
2025-01-12T13:00:00Z,142.265,site-a
2025-01-12T14:00:00Z,138.417,site-a
2025-01-12T15:00:00Z,138.535,site-a
2025-01-12T16:00:00Z,134.604,site-a
2025-01-12T17:00:00Z,128.135,site-a
2025-01-12T18:00:00Z,123.859,site-a
2025-01-12T19:00:00Z,126.852,site-a
2025-01-12T20:00:00Z,125.092,site-a
2025-01-12T21:00:00Z,122.892,site-a
2025-01-12T22:00:00Z,123.265,site-a
2025-01-12T23:00:00Z,123.634,site-a
2025-01-13T00:00:00Z,139.899,site-a
2025-01-13T01:00:00Z,148.446,site-a
2025-01-13T02:00:00Z,150.053,site-a
2025-01-13T03:00:00Z,149.727,site-a
2025-01-13T04:00:00Z,160.509,site-a
2025-01-13T05:00:00Z,162.066,site-a
2025-01-13T06:00:00Z,163.632,site-a
2025-01-13T07:00:00Z,164.018,site-a
2025-01-13T08:00:00Z,167.779,site-a
2025-01-13T09:00:00Z,168.999,site-a
2025-01-13T10:00:00Z,170.979,site-a
2025-01-13T11:00:00Z,166.665,site-a
2025-01-13T12:00:00Z,162.243,site-a
2025-01-13T13:00:00Z,158.71,site-a
2025-01-13T14:00:00Z,156.453,site-a
2025-01-13T15:00:00Z,150.105,site-a
2025-01-13T16:00:00Z,152.975,site-a
2025-01-13T17:00:00Z,147.97,site-a
2025-01-13T18:00:00Z,144.241,site-a
2025-01-13T19:00:00Z,140.153,site-a
2025-01-13T20:00:00Z,138.764,site-a
2025-01-13T21:00:00Z,139.15,site-a
2025-01-13T22:00:00Z,140.907,site-a
2025-01-13T23:00:00Z,141.897,site-a
2025-01-14T00:00:00Z,139.769,site-a
2025-01-14T01:00:00Z,147.355,site-a
2025-01-14T02:00:00Z,148.394,site-a
2025-01-14T03:00:00Z,154.677,site-a
2025-01-14T04:00:00Z,160.263,site-a
2025-01-14T05:00:00Z,160.21,site-a
2025-01-14T06:00:00Z,164.902,site-a
2025-01-14T07:00:00Z,164.553,site-a
2025-01-14T08:00:00Z,163.689,site-a
2025-01-14T09:00:00Z,171.336,site-a
2025-01-14T10:00:00Z,166.651,site-a
2025-01-14T11:00:00Z,169.38,site-a
2025-01-14T12:00:00Z,161.983,site-a
2025-01-14T13:00:00Z,158.009,site-a
2025-01-14T14:00:00Z,159.229,site-a
2025-01-14T15:00:00Z,154.642,site-a
2025-01-14T16:00:00Z,151.903,site-a
2025-01-14T17:00:00Z,147.618,site-a
2025-01-14T18:00:00Z,141.842,site-a
2025-01-14T19:00:00Z,137.345,site-a
2025-01-14T20:00:00Z,137.902,site-a
2025-01-14T21:00:00Z,134.35,site-a
2025-01-14T22:00:00Z,138.371,site-a
2025-01-14T23:00:00Z,137.952,site-a
2025-01-15T00:00:00Z,145.502,site-a
2025-01-15T01:00:00Z,143.844,site-a
2025-01-15T02:00:00Z,148.655,site-a
2025-01-15T03:00:00Z,153.081,site-a
2025-01-15T04:00:00Z,160.97,site-a
2025-01-15T05:00:00Z,157.667,site-a
2025-01-15T06:00:00Z,163.841,site-a
2025-01-15T07:00:00Z,169.061,site-a
2025-01-15T08:00:00Z,170.026,site-a
2025-01-15T09:00:00Z,166.777,site-a
2025-01-15T10:00:00Z,167.111,site-a
2025-01-15T11:00:00Z,168.064,site-a
2025-01-15T12:00:00Z,167.692,site-a
2025-01-15T13:00:00Z,160.052,site-a
2025-01-15T14:00:00Z,160.046,site-a
2025-01-15T15:00:00Z,151.771,site-a
2025-01-15T16:00:00Z,150.755,site-a
2025-01-15T17:00:00Z,146.885,site-a
2025-01-15T18:00:00Z,142.815,site-a
2025-01-15T19:00:00Z,136.994,site-a
2025-01-15T20:00:00Z,136.102,site-a
2025-01-15T21:00:00Z,137.824,site-a
2025-01-15T22:00:00Z,140.872,site-a
2025-01-15T23:00:00Z,136.807,site-a
2025-01-16T00:00:00Z,139.509,site-a
2025-01-16T01:00:00Z,148.078,site-a
2025-01-16T02:00:00Z,153.165,site-a
2025-01-16T03:00:00Z,150.318,site-a
2025-01-16T04:00:00Z,153.38,site-a
2025-01-16T05:00:00Z,164.16,site-a
2025-01-16T06:00:00Z,162.933,site-a
2025-01-16T07:00:00Z,165.879,site-a
2025-01-16T08:00:00Z,166.81,site-a
2025-01-16T09:00:00Z,165.938,site-a
2025-01-16T10:00:00Z,171.203,site-a
2025-01-16T11:00:00Z,163.474,site-a
2025-01-16T12:00:00Z,162.825,site-a
2025-01-16T13:00:00Z,158.36,site-a
2025-01-16T14:00:00Z,161.355,site-a
2025-01-16T15:00:00Z,152.043,site-a
2025-01-16T16:00:00Z,147.442,site-a
2025-01-16T17:00:00Z,147.235,site-a
2025-01-16T18:00:00Z,141.499,site-a
2025-01-16T19:00:00Z,140.842,site-a
2025-01-16T20:00:00Z,141.213,site-a
2025-01-16T21:00:00Z,141.95,site-a
2025-01-16T22:00:00Z,136.507,site-a
2025-01-16T23:00:00Z,137.431,site-a
2025-01-17T00:00:00Z,140.82,site-a
2025-01-17T01:00:00Z,146.731,site-a
2025-01-17T02:00:00Z,145.822,site-a
2025-01-17T03:00:00Z,156.137,site-a
2025-01-17T04:00:00Z,155.567,site-a
2025-01-17T05:00:00Z,157.36,site-a
2025-01-17T06:00:00Z,161.174,site-a
2025-01-17T07:00:00Z,166.408,site-a
2025-01-17T08:00:00Z,169.732,site-a
2025-01-17T09:00:00Z,171.747,site-a
2025-01-17T10:00:00Z,170.61,site-a
2025-01-17T11:00:00Z,164.493,site-a
2025-01-17T12:00:00Z,167.998,site-a
2025-01-17T13:00:00Z,165.521,site-a
2025-01-17T14:00:00Z,159.439,site-a
2025-01-17T15:00:00Z,154.505,site-a
2025-01-17T16:00:00Z,151.438,site-a
2025-01-17T17:00:00Z,147.432,site-a
2025-01-17T18:00:00Z,145.007,site-a
2025-01-17T19:00:00Z,138.996,site-a
2025-01-17T20:00:00Z,139.083,site-a
2025-01-17T21:00:00Z,135.139,site-a
2025-01-17T22:00:00Z,143.352,site-a
2025-01-17T23:00:00Z,143.899,site-a
2025-01-18T00:00:00Z,127.848,site-a
2025-01-18T01:00:00Z,129.939,site-a
2025-01-18T02:00:00Z,131.047,site-a
2025-01-18T03:00:00Z,138.811,site-a
2025-01-18T04:00:00Z,139.365,site-a
2025-01-18T05:00:00Z,142.71,site-a
2025-01-18T06:00:00Z,145.925,site-a
2025-01-18T07:00:00Z,152.56,site-a
2025-01-18T08:00:00Z,149.765,site-a
2025-01-18T09:00:00Z,154.921,site-a
2025-01-18T10:00:00Z,153.963,site-a
2025-01-18T11:00:00Z,148.719,site-a
2025-01-18T12:00:00Z,151.736,site-a
2025-01-18T13:00:00Z,144.403,site-a
2025-01-18T14:00:00Z,145.896,site-a
2025-01-18T15:00:00Z,141.743,site-a
2025-01-18T16:00:00Z,132.82,site-a
2025-01-18T17:00:00Z,130.57,site-a
2025-01-18T18:00:00Z,127.627,site-a
2025-01-18T19:00:00Z,126.863,site-a
2025-01-18T20:00:00Z,127.952,site-a
2025-01-18T21:00:00Z,125.502,site-a
2025-01-18T22:00:00Z,123.645,site-a
2025-01-18T23:00:00Z,123.155,site-a
2025-01-19T00:00:00Z,124.973,site-a
2025-01-19T01:00:00Z,129.096,site-a
2025-01-19T02:00:00Z,135.526,site-a
2025-01-19T03:00:00Z,135.649,site-a
2025-01-19T04:00:00Z,140.766,site-a
2025-01-19T05:00:00Z,143.034,site-a
2025-01-19T06:00:00Z,146.02,site-a
2025-01-19T07:00:00Z,155.933,site-a
2025-01-19T08:00:00Z,150.923,site-a
2025-01-19T09:00:00Z,155.705,site-a
2025-01-19T10:00:00Z,152.843,site-a
2025-01-19T11:00:00Z,156.073,site-a
2025-01-19T12:00:00Z,153.227,site-a
2025-01-19T13:00:00Z,147.854,site-a
2025-01-19T14:00:00Z,141.194,site-a
2025-01-19T15:00:00Z,141.654,site-a
2025-01-19T16:00:00Z,138.239,site-a
2025-01-19T17:00:00Z,133.925,site-a
2025-01-19T18:00:00Z,130.029,site-a
2025-01-19T19:00:00Z,129.003,site-a
2025-01-19T20:00:00Z,125.361,site-a
2025-01-19T21:00:00Z,123.23,site-a
2025-01-19T22:00:00Z,121.878,site-a
2025-01-19T23:00:00Z,126.566,site-a
2025-01-20T00:00:00Z,144.381,site-a
2025-01-20T01:00:00Z,150.302,site-a
2025-01-20T02:00:00Z,149.019,site-a
2025-01-20T03:00:00Z,155.248,site-a
2025-01-20T04:00:00Z,158.344,site-a
2025-01-20T05:00:00Z,165.59,site-a
2025-01-20T06:00:00Z,168.228,site-a
2025-01-20T07:00:00Z,163.977,site-a
2025-01-20T08:00:00Z,171.212,site-a
2025-01-20T09:00:00Z,167.484,site-a
2025-01-20T10:00:00Z,172.786,site-a
2025-01-20T11:00:00Z,168.268,site-a
2025-01-20T12:00:00Z,168.427,site-a
2025-01-20T13:00:00Z,162.847,site-a
2025-01-20T14:00:00Z,159.614,site-a
2025-01-20T15:00:00Z,158.806,site-a
2025-01-20T16:00:00Z,153.243,site-a
2025-01-20T17:00:00Z,148.384,site-a
2025-01-20T18:00:00Z,140.961,site-a
2025-01-20T19:00:00Z,139.787,site-a
2025-01-20T20:00:00Z,139.432,site-a
2025-01-20T21:00:00Z,141.377,site-a
2025-01-20T22:00:00Z,143.366,site-a
2025-01-20T23:00:00Z,141.952,site-a
2025-01-21T00:00:00Z,144.401,site-a
2025-01-21T01:00:00Z,145.025,site-a
2025-01-21T02:00:00Z,153.945,site-a
2025-01-21T03:00:00Z,158.427,site-a
2025-01-21T04:00:00Z,156.759,site-a
2025-01-21T05:00:00Z,158.359,site-a
2025-01-21T06:00:00Z,166.854,site-a
2025-01-21T07:00:00Z,164.593,site-a
2025-01-21T08:00:00Z,166.939,site-a
2025-01-21T09:00:00Z,171.541,site-a
2025-01-21T10:00:00Z,168.654,site-a
2025-01-21T11:00:00Z,164.57,site-a
2025-01-21T12:00:00Z,168.783,site-a
2025-01-21T13:00:00Z,161.371,site-a
2025-01-21T14:00:00Z,162.54,site-a
2025-01-21T15:00:00Z,157.796,site-a
2025-01-21T16:00:00Z,150.936,site-a
2025-01-21T17:00:00Z,143.805,site-a
2025-01-21T18:00:00Z,142.908,site-a
2025-01-21T19:00:00Z,142.765,site-a
2025-01-21T20:00:00Z,141.645,site-a
2025-01-21T21:00:00Z,136.775,site-a
2025-01-21T22:00:00Z,142.38,site-a
2025-01-21T23:00:00Z,142.728,site-a
2025-01-22T00:00:00Z,140.566,site-a
2025-01-22T01:00:00Z,146.702,site-a
2025-01-22T02:00:00Z,152.44,site-a
2025-01-22T03:00:00Z,152.3,site-a
2025-01-22T04:00:00Z,160.45,site-a
2025-01-22T05:00:00Z,160.458,site-a
2025-01-22T06:00:00Z,163.843,site-a
2025-01-22T07:00:00Z,168.206,site-a
2025-01-22T08:00:00Z,172.243,site-a
2025-01-22T09:00:00Z,167.806,site-a
2025-01-22T10:00:00Z,170.896,site-a
2025-01-22T11:00:00Z,166.845,site-a
2025-01-22T12:00:00Z,164.324,site-a
2025-01-22T13:00:00Z,164.873,site-a
2025-01-22T14:00:00Z,157.991,site-a
2025-01-22T15:00:00Z,156.138,site-a
2025-01-22T16:00:00Z,152.122,site-a
2025-01-22T17:00:00Z,149.639,site-a
2025-01-22T18:00:00Z,145.122,site-a
2025-01-22T19:00:00Z,142.089,site-a
2025-01-22T20:00:00Z,137.538,site-a
2025-01-22T21:00:00Z,142.502,site-a
2025-01-22T22:00:00Z,141.918,site-a
2025-01-22T23:00:00Z,141.771,site-a
2025-01-23T00:00:00Z,147.848,site-a
2025-01-23T01:00:00Z,146.896,site-a
2025-01-23T02:00:00Z,151.331,site-a
2025-01-23T03:00:00Z,153.385,site-a
2025-01-23T04:00:00Z,158.432,site-a
2025-01-23T05:00:00Z,161.726,site-a
2025-01-23T06:00:00Z,167.879,site-a
2025-01-23T07:00:00Z,166.321,site-a
2025-01-23T08:00:00Z,172.18,site-a
2025-01-23T09:00:00Z,173.739,site-a
2025-01-23T10:00:00Z,168.782,site-a
2025-01-23T11:00:00Z,172.475,site-a
2025-01-23T12:00:00Z,164.253,site-a
2025-01-23T13:00:00Z,165.201,site-a
2025-01-23T14:00:00Z,156.206,site-a
2025-01-23T15:00:00Z,156.572,site-a
2025-01-23T16:00:00Z,151.503,site-a
2025-01-23T17:00:00Z,148.086,site-a
2025-01-23T18:00:00Z,145.019,site-a
2025-01-23T19:00:00Z,143.607,site-a
2025-01-23T20:00:00Z,141.83,site-a
2025-01-23T21:00:00Z,143.071,site-a
2025-01-23T22:00:00Z,138.958,site-a
2025-01-23T23:00:00Z,142.579,site-a
2025-01-24T00:00:00Z,143.268,site-a
2025-01-24T01:00:00Z,149.421,site-a
2025-01-24T02:00:00Z,153.443,site-a
2025-01-24T03:00:00Z,154.292,site-a
2025-01-24T04:00:00Z,156.747,site-a
2025-01-24T05:00:00Z,160.452,site-a
2025-01-24T06:00:00Z,165.934,site-a
2025-01-24T07:00:00Z,167.407,site-a
2025-01-24T08:00:00Z,171.007,site-a
2025-01-24T09:00:00Z,170.447,site-a
2025-01-24T10:00:00Z,168.185,site-a
2025-01-24T11:00:00Z,169.379,site-a
2025-01-24T12:00:00Z,167.77,site-a
2025-01-24T13:00:00Z,165.447,site-a
2025-01-24T14:00:00Z,161.641,site-a
2025-01-24T15:00:00Z,155.908,site-a
2025-01-24T16:00:00Z,150.237,site-a
2025-01-24T17:00:00Z,151.968,site-a
2025-01-24T18:00:00Z,144.753,site-a
2025-01-24T19:00:00Z,146.459,site-a
2025-01-24T20:00:00Z,140.102,site-a
2025-01-24T21:00:00Z,140.41,site-a
2025-01-24T22:00:00Z,143.167,site-a
2025-01-24T23:00:00Z,141.828,site-a
2025-01-25T00:00:00Z,126.212,site-a
2025-01-25T01:00:00Z,135.617,site-a
2025-01-25T02:00:00Z,137.494,site-a
2025-01-25T03:00:00Z,137.381,site-a
2025-01-25T04:00:00Z,146.072,site-a
2025-01-25T05:00:00Z,151.776,site-a
2025-01-25T06:00:00Z,148.67,site-a
2025-01-25T07:00:00Z,151.433,site-a
2025-01-25T08:00:00Z,153.109,site-a
2025-01-25T09:00:00Z,153.606,site-a
2025-01-25T10:00:00Z,155.172,site-a
2025-01-25T11:00:00Z,151.57,site-a
2025-01-25T12:00:00Z,154.5,site-a
2025-01-25T13:00:00Z,148.171,site-a
2025-01-25T14:00:00Z,148.163,site-a
2025-01-25T15:00:00Z,141.97,site-a
2025-01-25T16:00:00Z,135.217,site-a
2025-01-25T17:00:00Z,132.684,site-a
2025-01-25T18:00:00Z,132.185,site-a
2025-01-25T19:00:00Z,130.993,site-a
2025-01-25T20:00:00Z,127.069,site-a
2025-01-25T21:00:00Z,128.098,site-a
2025-01-25T22:00:00Z,126.136,site-a
2025-01-25T23:00:00Z,127.209,site-a
2025-01-26T00:00:00Z,131.934,site-a
2025-01-26T01:00:00Z,133.702,site-a
2025-01-26T02:00:00Z,134.074,site-a
2025-01-26T03:00:00Z,142.143,site-a
2025-01-26T04:00:00Z,140.777,site-a
2025-01-26T05:00:00Z,150.382,site-a
2025-01-26T06:00:00Z,149.092,site-a
2025-01-26T07:00:00Z,150.935,site-a
2025-01-26T08:00:00Z,153.918,site-a
2025-01-26T09:00:00Z,152.254,site-a
2025-01-26T10:00:00Z,158.742,site-a
2025-01-26T11:00:00Z,155.178,site-a
2025-01-26T12:00:00Z,152.828,site-a
2025-01-26T13:00:00Z,146.684,site-a
2025-01-26T14:00:00Z,145.539,site-a
2025-01-26T15:00:00Z,139.769,site-a
2025-01-26T16:00:00Z,137.233,site-a
2025-01-26T17:00:00Z,137.254,site-a
2025-01-26T18:00:00Z,134.531,site-a
2025-01-26T19:00:00Z,131.021,site-a
2025-01-26T20:00:00Z,130.592,site-a
2025-01-26T21:00:00Z,128.995,site-a
2025-01-26T22:00:00Z,125.642,site-a
2025-01-26T23:00:00Z,127.271,site-a
2025-01-27T00:00:00Z,148.964,site-a
2025-01-27T01:00:00Z,150.381,site-a
2025-01-27T02:00:00Z,154.74,site-a
2025-01-27T03:00:00Z,156.594,site-a
2025-01-27T04:00:00Z,156.598,site-a
2025-01-27T05:00:00Z,161.912,site-a
2025-01-27T06:00:00Z,165.637,site-a
2025-01-27T07:00:00Z,165.688,site-a
2025-01-27T08:00:00Z,167.125,site-a
2025-01-27T09:00:00Z,172.6,site-a
2025-01-27T10:00:00Z,169.949,site-a
2025-01-27T11:00:00Z,169.111,site-a
2025-01-27T12:00:00Z,166.867,site-a
2025-01-27T13:00:00Z,166.186,site-a
2025-01-27T14:00:00Z,157.561,site-a
2025-01-27T15:00:00Z,155.985,site-a
2025-01-27T16:00:00Z,150.749,site-a
2025-01-27T17:00:00Z,149.817,site-a
2025-01-27T18:00:00Z,142.772,site-a
2025-01-27T19:00:00Z,140.669,site-a
2025-01-27T20:00:00Z,145.783,site-a
2025-01-27T21:00:00Z,142.843,site-a
2025-01-27T22:00:00Z,144.492,site-a
2025-01-27T23:00:00Z,139.998,site-a
2025-01-28T00:00:00Z,146.368,site-a
2025-01-28T01:00:00Z,149.987,site-a
2025-01-28T02:00:00Z,153.004,site-a
2025-01-28T03:00:00Z,153.791,site-a
2025-01-28T04:00:00Z,156.456,site-a
2025-01-28T05:00:00Z,163.081,site-a
2025-01-28T06:00:00Z,165.481,site-a
2025-01-28T07:00:00Z,169.014,site-a
2025-01-28T08:00:00Z,174.056,site-a
2025-01-28T09:00:00Z,171.24,site-a
2025-01-28T10:00:00Z,169.447,site-a
2025-01-28T11:00:00Z,173.597,site-a
2025-01-28T12:00:00Z,170.989,site-a
2025-01-28T13:00:00Z,166.853,site-a
2025-01-28T14:00:00Z,156.802,site-a
2025-01-28T15:00:00Z,159.151,site-a
2025-01-28T16:00:00Z,156.939,site-a
2025-01-28T17:00:00Z,150.953,site-a
2025-01-28T18:00:00Z,145.399,site-a
2025-01-28T19:00:00Z,147.288,site-a
2025-01-28T20:00:00Z,141.673,site-a
2025-01-28T21:00:00Z,140.82,site-a
2025-01-28T22:00:00Z,138.401,site-a
2025-01-28T23:00:00Z,142.585,site-a
2025-01-29T00:00:00Z,146.538,site-a
2025-01-29T01:00:00Z,148.683,site-a
2025-01-29T02:00:00Z,153.449,site-a
2025-01-29T03:00:00Z,152.929,site-a
2025-01-29T04:00:00Z,157.987,site-a
2025-01-29T05:00:00Z,165.734,site-a
2025-01-29T06:00:00Z,167.373,site-a
2025-01-29T07:00:00Z,168.216,site-a
2025-01-29T08:00:00Z,173.31,site-a
2025-01-29T09:00:00Z,171.67,site-a
2025-01-29T10:00:00Z,174.362,site-a
2025-01-29T11:00:00Z,169.244,site-a
2025-01-29T12:00:00Z,164.795,site-a
2025-01-29T13:00:00Z,161.867,site-a
2025-01-29T14:00:00Z,163.765,site-a
2025-01-29T15:00:00Z,160.959,site-a
2025-01-29T16:00:00Z,155.942,site-a
2025-01-29T17:00:00Z,152.446,site-a
2025-01-29T18:00:00Z,143.386,site-a
2025-01-29T19:00:00Z,145.862,site-a
2025-01-29T20:00:00Z,140.169,site-a
2025-01-29T21:00:00Z,145.866,site-a
2025-01-29T22:00:00Z,140.832,site-a
2025-01-29T23:00:00Z,147.154,site-a
2025-01-30T00:00:00Z,147.315,site-a
2025-01-30T01:00:00Z,145.736,site-a
2025-01-30T02:00:00Z,151.943,site-a
2025-01-30T03:00:00Z,160.063,site-a
2025-01-30T04:00:00Z,158.2,site-a
2025-01-30T05:00:00Z,160.839,site-a
2025-01-30T06:00:00Z,166.571,site-a
2025-01-30T07:00:00Z,165.981,site-a
2025-01-30T08:00:00Z,172.897,site-a
2025-01-30T09:00:00Z,172,site-a
2025-01-30T10:00:00Z,171.037,site-a
2025-01-30T11:00:00Z,170.368,site-a
2025-01-30T12:00:00Z,164.82,site-a
2025-01-30T13:00:00Z,165.241,site-a
2025-01-30T14:00:00Z,162.695,site-a
2025-01-30T15:00:00Z,159.578,site-a
2025-01-30T16:00:00Z,155.153,site-a
2025-01-30T17:00:00Z,147.849,site-a
2025-01-30T18:00:00Z,144.54,site-a
2025-01-30T19:00:00Z,147.415,site-a
2025-01-30T20:00:00Z,144.373,site-a
2025-01-30T21:00:00Z,139.896,site-a
2025-01-30T22:00:00Z,141.475,site-a
2025-01-30T23:00:00Z,143.855,site-a
2025-01-31T00:00:00Z,148.201,site-a
2025-01-31T01:00:00Z,146.148,site-a
2025-01-31T02:00:00Z,154.004,site-a
2025-01-31T03:00:00Z,156.094,site-a
2025-01-31T04:00:00Z,161.919,site-a
2025-01-31T05:00:00Z,168.152,site-a
2025-01-31T06:00:00Z,170.416,site-a
2025-01-31T07:00:00Z,167.755,site-a
2025-01-31T08:00:00Z,173.152,site-a
2025-01-31T09:00:00Z,172.865,site-a
2025-01-31T10:00:00Z,171.503,site-a
2025-01-31T11:00:00Z,171.287,site-a
2025-01-31T12:00:00Z,168.091,site-a
2025-01-31T13:00:00Z,163.521,site-a
2025-01-31T14:00:00Z,161.214,site-a
2025-01-31T15:00:00Z,154.214,site-a
2025-01-31T16:00:00Z,149.776,site-a
2025-01-31T17:00:00Z,153.558,site-a
2025-01-31T18:00:00Z,143.474,site-a
2025-01-31T19:00:00Z,145.847,site-a
2025-01-31T20:00:00Z,140.802,site-a
2025-01-31T21:00:00Z,145.209,site-a
2025-01-31T22:00:00Z,146.074,site-a
2025-01-31T23:00:00Z,143.953,site-a
2025-02-01T00:00:00Z,127.833,site-a
2025-02-01T01:00:00Z,135.059,site-a
2025-02-01T02:00:00Z,142.336,site-a
2025-02-01T03:00:00Z,140.416,site-a
2025-02-01T04:00:00Z,146.062,site-a
2025-02-01T05:00:00Z,153.116,site-a
2025-02-01T06:00:00Z,151.806,site-a
2025-02-01T07:00:00Z,151.434,site-a
2025-02-01T08:00:00Z,153.837,site-a
2025-02-01T09:00:00Z,159.409,site-a
2025-02-01T10:00:00Z,160.994,site-a
2025-02-01T11:00:00Z,158.918,site-a
2025-02-01T12:00:00Z,155.309,site-a
2025-02-01T13:00:00Z,147.356,site-a
2025-02-01T14:00:00Z,142.848,site-a
2025-02-01T15:00:00Z,143.806,site-a
2025-02-01T16:00:00Z,136.088,site-a
2025-02-01T17:00:00Z,131.398,site-a
2025-02-01T18:00:00Z,128.807,site-a
2025-02-01T19:00:00Z,129.824,site-a
2025-02-01T20:00:00Z,124.519,site-a
2025-02-01T21:00:00Z,126.157,site-a
2025-02-01T22:00:00Z,127.15,site-a
2025-02-01T23:00:00Z,130.492,site-a
2025-02-02T00:00:00Z,134.076,site-a
2025-02-02T01:00:00Z,137.311,site-a
2025-02-02T02:00:00Z,134.985,site-a
2025-02-02T03:00:00Z,144.943,site-a
2025-02-02T04:00:00Z,144.844,site-a
2025-02-02T05:00:00Z,151.609,site-a
2025-02-02T06:00:00Z,156.862,site-a
2025-02-02T07:00:00Z,157.583,site-a
2025-02-02T08:00:00Z,158.031,site-a
2025-02-02T09:00:00Z,156.543,site-a
2025-02-02T10:00:00Z,160.741,site-a
2025-02-02T11:00:00Z,157.716,site-a
2025-02-02T12:00:00Z,151.554,site-a
2025-02-02T13:00:00Z,153.442,site-a
2025-02-02T14:00:00Z,150.402,site-a
2025-02-02T15:00:00Z,143.31,site-a
2025-02-02T16:00:00Z,136.933,site-a
2025-02-02T17:00:00Z,133.329,site-a
2025-02-02T18:00:00Z,135.356,site-a
2025-02-02T19:00:00Z,126.527,site-a
2025-02-02T20:00:00Z,130.237,site-a
2025-02-02T21:00:00Z,129.995,site-a
2025-02-02T22:00:00Z,131.674,site-a
2025-02-02T23:00:00Z,127.257,site-a
2025-02-03T00:00:00Z,145.528,site-a
2025-02-03T01:00:00Z,154.07,site-a
2025-02-03T02:00:00Z,157.091,site-a
2025-02-03T03:00:00Z,154.892,site-a
2025-02-03T04:00:00Z,163.791,site-a
2025-02-03T05:00:00Z,165.447,site-a
2025-02-03T06:00:00Z,165.442,site-a
2025-02-03T07:00:00Z,171.001,site-a
2025-02-03T08:00:00Z,174.805,site-a
2025-02-03T09:00:00Z,172.46,site-a
2025-02-03T10:00:00Z,172.998,site-a
2025-02-03T11:00:00Z,175.081,site-a
2025-02-03T12:00:00Z,165.81,site-a
2025-02-03T13:00:00Z,167.7,site-a
2025-02-03T14:00:00Z,160.738,site-a
2025-02-03T15:00:00Z,160.542,site-a
2025-02-03T16:00:00Z,157.671,site-a
2025-02-03T17:00:00Z,154.623,site-a
2025-02-03T18:00:00Z,145.964,site-a
2025-02-03T19:00:00Z,142.613,site-a
2025-02-03T20:00:00Z,140.632,site-a
2025-02-03T21:00:00Z,140.877,site-a
2025-02-03T22:00:00Z,139.864,site-a
2025-02-03T23:00:00Z,148.538,site-a
2025-02-04T00:00:00Z,144.799,site-a
2025-02-04T01:00:00Z,150.071,site-a
2025-02-04T02:00:00Z,157.501,site-a
2025-02-04T03:00:00Z,156.293,site-a
2025-02-04T04:00:00Z,159.386,site-a
2025-02-04T05:00:00Z,165.045,site-a
2025-02-04T06:00:00Z,164.839,site-a
2025-02-04T07:00:00Z,167.549,site-a
2025-02-04T08:00:00Z,171.196,site-a
2025-02-04T09:00:00Z,174.126,site-a
2025-02-04T10:00:00Z,172.311,site-a
2025-02-04T11:00:00Z,173.326,site-a
2025-02-04T12:00:00Z,172.084,site-a
2025-02-04T13:00:00Z,162.608,site-a
2025-02-04T14:00:00Z,158.808,site-a
2025-02-04T15:00:00Z,156.859,site-a
2025-02-04T16:00:00Z,155.388,site-a
2025-02-04T17:00:00Z,150.821,site-a
2025-02-04T18:00:00Z,144.265,site-a
2025-02-04T19:00:00Z,143.015,site-a
2025-02-04T20:00:00Z,142.723,site-a
2025-02-04T21:00:00Z,143.603,site-a
2025-02-04T22:00:00Z,140.621,site-a
2025-02-04T23:00:00Z,145.161,site-a
2025-02-05T00:00:00Z,148.469,site-a
2025-02-05T01:00:00Z,153.944,site-a
2025-02-05T02:00:00Z,150.877,site-a
2025-02-05T03:00:00Z,160.269,site-a
2025-02-05T04:00:00Z,158.595,site-a
2025-02-05T05:00:00Z,166.105,site-a
2025-02-05T06:00:00Z,170.999,site-a
2025-02-05T07:00:00Z,169.691,site-a
2025-02-05T08:00:00Z,172.597,site-a
2025-02-05T09:00:00Z,171.201,site-a
2025-02-05T10:00:00Z,171.226,site-a
2025-02-05T11:00:00Z,169.021,site-a
2025-02-05T12:00:00Z,172.726,site-a
2025-02-05T13:00:00Z,168.473,site-a
2025-02-05T14:00:00Z,160.018,site-a
2025-02-05T15:00:00Z,155.81,site-a
2025-02-05T16:00:00Z,150.942,site-a
2025-02-05T17:00:00Z,148.87,site-a
2025-02-05T18:00:00Z,146.118,site-a
2025-02-05T19:00:00Z,149.116,site-a
2025-02-05T20:00:00Z,142.342,site-a
2025-02-05T21:00:00Z,144.084,site-a
2025-02-05T22:00:00Z,146.432,site-a
2025-02-05T23:00:00Z,148.89,site-a
2025-02-06T00:00:00Z,148.605,site-a
2025-02-06T01:00:00Z,147.436,site-a
2025-02-06T02:00:00Z,155.354,site-a
2025-02-06T03:00:00Z,160.953,site-a
2025-02-06T04:00:00Z,164.468,site-a
2025-02-06T05:00:00Z,164.944,site-a
2025-02-06T06:00:00Z,168.532,site-a
2025-02-06T07:00:00Z,169.247,site-a
2025-02-06T08:00:00Z,169.563,site-a
2025-02-06T09:00:00Z,170.028,site-a
2025-02-06T10:00:00Z,169.693,site-a
2025-02-06T11:00:00Z,173.689,site-a
2025-02-06T12:00:00Z,165.828,site-a
2025-02-06T13:00:00Z,169.587,site-a
2025-02-06T14:00:00Z,163.3,site-a
2025-02-06T15:00:00Z,161.261,site-a
2025-02-06T16:00:00Z,157.63,site-a
2025-02-06T17:00:00Z,151.992,site-a
2025-02-06T18:00:00Z,150.57,site-a
2025-02-06T19:00:00Z,142.551,site-a
2025-02-06T20:00:00Z,141.565,site-a
2025-02-06T21:00:00Z,141.548,site-a
2025-02-06T22:00:00Z,141.289,site-a
2025-02-06T23:00:00Z,144.422,site-a
2025-02-07T00:00:00Z,144.967,site-a
2025-02-07T01:00:00Z,147.403,site-a
2025-02-07T02:00:00Z,155.569,site-a
2025-02-07T03:00:00Z,159.046,site-a
2025-02-07T04:00:00Z,166.504,site-a
2025-02-07T05:00:00Z,169.798,site-a
2025-02-07T06:00:00Z,166.974,site-a
2025-02-07T07:00:00Z,169.573,site-a
2025-02-07T08:00:00Z,169.424,site-a
2025-02-07T09:00:00Z,170.629,site-a
2025-02-07T10:00:00Z,172.183,site-a
2025-02-07T11:00:00Z,175.229,site-a
2025-02-07T12:00:00Z,167.934,site-a
2025-02-07T13:00:00Z,163.641,site-a
2025-02-07T14:00:00Z,166.282,site-a
2025-02-07T15:00:00Z,159.243,site-a
2025-02-07T16:00:00Z,154.149,site-a
2025-02-07T17:00:00Z,150.342,site-a
2025-02-07T18:00:00Z,150.72,site-a
2025-02-07T19:00:00Z,147.176,site-a
2025-02-07T20:00:00Z,147.051,site-a
2025-02-07T21:00:00Z,147.754,site-a
2025-02-07T22:00:00Z,143.62,site-a
2025-02-07T23:00:00Z,143.195,site-a
2025-02-08T00:00:00Z,133.623,site-a
2025-02-08T01:00:00Z,140.337,site-a
2025-02-08T02:00:00Z,136.565,site-a
2025-02-08T03:00:00Z,142.845,site-a
2025-02-08T04:00:00Z,151.786,site-a
2025-02-08T05:00:00Z,148.219,site-a
2025-02-08T06:00:00Z,151.64,site-a
2025-02-08T07:00:00Z,156.51,site-a
2025-02-08T08:00:00Z,157.808,site-a
2025-02-08T09:00:00Z,155.411,site-a
2025-02-08T10:00:00Z,159.33,site-a
2025-02-08T11:00:00Z,160.965,site-a
2025-02-08T12:00:00Z,156.327,site-a
2025-02-08T13:00:00Z,148.912,site-a
2025-02-08T14:00:00Z,152.207,site-a
2025-02-08T15:00:00Z,141.491,site-a
2025-02-08T16:00:00Z,140.636,site-a
2025-02-08T17:00:00Z,135.359,site-a
2025-02-08T18:00:00Z,132.12,site-a
2025-02-08T19:00:00Z,134.798,site-a
2025-02-08T20:00:00Z,126.238,site-a
2025-02-08T21:00:00Z,128.896,site-a
2025-02-08T22:00:00Z,127.078,site-a
2025-02-08T23:00:00Z,134.353,site-a
2025-02-09T00:00:00Z,130.73,site-a
2025-02-09T01:00:00Z,138.856,site-a
2025-02-09T02:00:00Z,140.318,site-a
2025-02-09T03:00:00Z,142.274,site-a
2025-02-09T04:00:00Z,152.009,site-a
2025-02-09T05:00:00Z,152.995,site-a
2025-02-09T06:00:00Z,151.732,site-a
2025-02-09T07:00:00Z,153.97,site-a
2025-02-09T08:00:00Z,154.964,site-a
2025-02-09T09:00:00Z,156.032,site-a
2025-02-09T10:00:00Z,158.069,site-a
2025-02-09T11:00:00Z,153.615,site-a
2025-02-09T12:00:00Z,151.965,site-a
2025-02-09T13:00:00Z,148.33,site-a
2025-02-09T14:00:00Z,145.131,site-a
2025-02-09T15:00:00Z,148.162,site-a
2025-02-09T16:00:00Z,139.457,site-a
2025-02-09T17:00:00Z,136.281,site-a
2025-02-09T18:00:00Z,133.684,site-a
2025-02-09T19:00:00Z,132.407,site-a
2025-02-09T20:00:00Z,127.528,site-a
2025-02-09T21:00:00Z,132.759,site-a
2025-02-09T22:00:00Z,127.265,site-a
2025-02-09T23:00:00Z,129.985,site-a
2025-02-10T00:00:00Z,148.512,site-a
2025-02-10T01:00:00Z,149.928,site-a
2025-02-10T02:00:00Z,157.867,site-a
2025-02-10T03:00:00Z,156.465,site-a
2025-02-10T04:00:00Z,166.209,site-a
2025-02-10T05:00:00Z,165.233,site-a
2025-02-10T06:00:00Z,174.021,site-a
2025-02-10T07:00:00Z,170.259,site-a
2025-02-10T08:00:00Z,172.061,site-a
2025-02-10T09:00:00Z,175.268,site-a
2025-02-10T10:00:00Z,173.813,site-a
2025-02-10T11:00:00Z,171.906,site-a
2025-02-10T12:00:00Z,173.836,site-a
2025-02-10T13:00:00Z,165.538,site-a
2025-02-10T14:00:00Z,165.25,site-a
2025-02-10T15:00:00Z,162.664,site-a
2025-02-10T16:00:00Z,152.597,site-a
2025-02-10T17:00:00Z,155.579,site-a
2025-02-10T18:00:00Z,148.148,site-a
2025-02-10T19:00:00Z,149.178,site-a
2025-02-10T20:00:00Z,147.606,site-a
2025-02-10T21:00:00Z,144.409,site-a
2025-02-10T22:00:00Z,148.004,site-a
2025-02-10T23:00:00Z,146.773,site-a
2025-02-11T00:00:00Z,147.704,site-a
2025-02-11T01:00:00Z,151.023,site-a
2025-02-11T02:00:00Z,157.741,site-a
2025-02-11T03:00:00Z,159.987,site-a
2025-02-11T04:00:00Z,161.357,site-a
2025-02-11T05:00:00Z,166.368,site-a
2025-02-11T06:00:00Z,173.929,site-a
2025-02-11T07:00:00Z,169.142,site-a
2025-02-11T08:00:00Z,178.332,site-a
2025-02-11T09:00:00Z,175.234,site-a
2025-02-11T10:00:00Z,174.001,site-a
2025-02-11T11:00:00Z,175.818,site-a
2025-02-11T12:00:00Z,168.178,site-a
2025-02-11T13:00:00Z,167.403,site-a
2025-02-11T14:00:00Z,164.967,site-a
2025-02-11T15:00:00Z,156.583,site-a
2025-02-11T16:00:00Z,160.221,site-a
2025-02-11T17:00:00Z,154.96,site-a
2025-02-11T18:00:00Z,150.626,site-a
2025-02-11T19:00:00Z,149.935,site-a
2025-02-11T20:00:00Z,149.397,site-a
2025-02-11T21:00:00Z,147.657,site-a
2025-02-11T22:00:00Z,143.151,site-a
2025-02-11T23:00:00Z,147.74,site-a
2025-02-12T00:00:00Z,149.086,site-a
2025-02-12T01:00:00Z,154.298,site-a
2025-02-12T02:00:00Z,156.003,site-a
2025-02-12T03:00:00Z,157.942,site-a
2025-02-12T04:00:00Z,163.153,site-a
2025-02-12T05:00:00Z,166.45,site-a
2025-02-12T06:00:00Z,169.544,site-a
2025-02-12T07:00:00Z,171.271,site-a
2025-02-12T08:00:00Z,177.494,site-a
2025-02-12T09:00:00Z,177.86,site-a
2025-02-12T10:00:00Z,176.283,site-a
2025-02-12T11:00:00Z,169.595,site-a
2025-02-12T12:00:00Z,168.025,site-a
2025-02-12T13:00:00Z,168.671,site-a
2025-02-12T14:00:00Z,167.647,site-a
2025-02-12T15:00:00Z,158.231,site-a
2025-02-12T16:00:00Z,155.615,site-a
2025-02-12T17:00:00Z,150.134,site-a
2025-02-12T18:00:00Z,150.486,site-a
2025-02-12T19:00:00Z,149.999,site-a
2025-02-12T20:00:00Z,145.381,site-a
2025-02-12T21:00:00Z,142.461,site-a
2025-02-12T22:00:00Z,146.08,site-a
2025-02-12T23:00:00Z,149.804,site-a
2025-02-13T00:00:00Z,153.506,site-a
2025-02-13T01:00:00Z,153.664,site-a
2025-02-13T02:00:00Z,153.41,site-a
2025-02-13T03:00:00Z,159.127,site-a
2025-02-13T04:00:00Z,167.7,site-a
2025-02-13T05:00:00Z,170.356,site-a
2025-02-13T06:00:00Z,171.918,site-a
2025-02-13T07:00:00Z,173.851,site-a
2025-02-13T08:00:00Z,178.497,site-a
2025-02-13T09:00:00Z,177.713,site-a
2025-02-13T10:00:00Z,176.315,site-a
2025-02-13T11:00:00Z,175.296,site-a
2025-02-13T12:00:00Z,171.519,site-a
2025-02-13T13:00:00Z,165.809,site-a
2025-02-13T14:00:00Z,161.236,site-a
2025-02-13T15:00:00Z,163.059,site-a
2025-02-13T16:00:00Z,160.316,site-a
2025-02-13T17:00:00Z,156.857,site-a
2025-02-13T18:00:00Z,153.514,site-a
2025-02-13T19:00:00Z,150.24,site-a
2025-02-13T20:00:00Z,150.063,site-a
2025-02-13T21:00:00Z,148.199,site-a
2025-02-13T22:00:00Z,145.934,site-a
2025-02-13T23:00:00Z,147.909,site-a
2025-02-14T00:00:00Z,146.486,site-a
2025-02-14T01:00:00Z,153.935,site-a
2025-02-14T02:00:00Z,158.795,site-a
2025-02-14T03:00:00Z,164.347,site-a
2025-02-14T04:00:00Z,165.604,site-a
2025-02-14T05:00:00Z,164.257,site-a
2025-02-14T06:00:00Z,174.152,site-a
2025-02-14T07:00:00Z,170.485,site-a
2025-02-14T08:00:00Z,177.029,site-a
2025-02-14T09:00:00Z,174.935,site-a
2025-02-14T10:00:00Z,178.08,site-a
2025-02-14T11:00:00Z,177.126,site-a
2025-02-14T12:00:00Z,173.535,site-a
2025-02-14T13:00:00Z,165.793,site-a
2025-02-14T14:00:00Z,161.644,site-a
2025-02-14T15:00:00Z,161.053,site-a
2025-02-14T16:00:00Z,153.749,site-a
2025-02-14T17:00:00Z,152.544,site-a
2025-02-14T18:00:00Z,147.24,site-a
2025-02-14T19:00:00Z,147.841,site-a
2025-02-14T20:00:00Z,146.374,site-a
2025-02-14T21:00:00Z,146.833,site-a
2025-02-14T22:00:00Z,150.091,site-a
2025-02-14T23:00:00Z,148.831,site-a
2025-02-15T00:00:00Z,134.851,site-a
2025-02-15T01:00:00Z,141.761,site-a
2025-02-15T02:00:00Z,141.642,site-a
2025-02-15T03:00:00Z,142.934,site-a
2025-02-15T04:00:00Z,149.64,site-a
2025-02-15T05:00:00Z,153.192,site-a
2025-02-15T06:00:00Z,155.812,site-a
2025-02-15T07:00:00Z,162.097,site-a
2025-02-15T08:00:00Z,159.85,site-a
2025-02-15T09:00:00Z,158.003,site-a
2025-02-15T10:00:00Z,163.756,site-a
2025-02-15T11:00:00Z,156.23,site-a
2025-02-15T12:00:00Z,159.18,site-a
2025-02-15T13:00:00Z,150.528,site-a
2025-02-15T14:00:00Z,147.109,site-a
2025-02-15T15:00:00Z,147.284,site-a
2025-02-15T16:00:00Z,145.536,site-a
2025-02-15T17:00:00Z,141.814,site-a
2025-02-15T18:00:00Z,137.827,site-a
2025-02-15T19:00:00Z,131.477,site-a
2025-02-15T20:00:00Z,132.011,site-a
2025-02-15T21:00:00Z,129.729,site-a
2025-02-15T22:00:00Z,128.896,site-a
2025-02-15T23:00:00Z,131.904,site-a
2025-02-16T00:00:00Z,132.362,site-a
2025-02-16T01:00:00Z,138.58,site-a
2025-02-16T02:00:00Z,141.1,site-a
2025-02-16T03:00:00Z,145.406,site-a
2025-02-16T04:00:00Z,148.511,site-a
2025-02-16T05:00:00Z,156.527,site-a
2025-02-16T06:00:00Z,154.072,site-a
2025-02-16T07:00:00Z,157.937,site-a
2025-02-16T08:00:00Z,156.647,site-a
2025-02-16T09:00:00Z,160.176,site-a
2025-02-16T10:00:00Z,157.946,site-a
2025-02-16T11:00:00Z,160.231,site-a
2025-02-16T12:00:00Z,153.079,site-a
2025-02-16T13:00:00Z,154.334,site-a
2025-02-16T14:00:00Z,150.497,site-a
2025-02-16T15:00:00Z,145.284,site-a
2025-02-16T16:00:00Z,141.333,site-a
2025-02-16T17:00:00Z,136.621,site-a
2025-02-16T18:00:00Z,134.597,site-a
2025-02-16T19:00:00Z,129.93,site-a
2025-02-16T20:00:00Z,129.341,site-a
2025-02-16T21:00:00Z,133.641,site-a
2025-02-16T22:00:00Z,129.672,site-a
2025-02-16T23:00:00Z,131.293,site-a
2025-02-17T00:00:00Z,154.087,site-a
2025-02-17T01:00:00Z,153.71,site-a
2025-02-17T02:00:00Z,156.627,site-a
2025-02-17T03:00:00Z,157.242,site-a
2025-02-17T04:00:00Z,163.506,site-a
2025-02-17T05:00:00Z,169.452,site-a
2025-02-17T06:00:00Z,170.668,site-a
2025-02-17T07:00:00Z,177.363,site-a
2025-02-17T08:00:00Z,173.149,site-a
2025-02-17T09:00:00Z,173.728,site-a
2025-02-17T10:00:00Z,175.892,site-a
2025-02-17T11:00:00Z,176.181,site-a
2025-02-17T12:00:00Z,170.915,site-a
2025-02-17T13:00:00Z,165.374,site-a
2025-02-17T14:00:00Z,168.857,site-a
2025-02-17T15:00:00Z,162.76,site-a
2025-02-17T16:00:00Z,160.634,site-a
2025-02-17T17:00:00Z,154.987,site-a
2025-02-17T18:00:00Z,150.215,site-a
2025-02-17T19:00:00Z,146.178,site-a
2025-02-17T20:00:00Z,143.405,site-a
2025-02-17T21:00:00Z,144.212,site-a
2025-02-17T22:00:00Z,147.014,site-a
2025-02-17T23:00:00Z,145.49,site-a
2025-02-18T00:00:00Z,150.444,site-a
2025-02-18T01:00:00Z,155.801,site-a
2025-02-18T02:00:00Z,161.114,site-a
2025-02-18T03:00:00Z,162.665,site-a
2025-02-18T04:00:00Z,161.768,site-a
2025-02-18T05:00:00Z,164.949,site-a
2025-02-18T06:00:00Z,170.941,site-a
2025-02-18T07:00:00Z,171.42,site-a
2025-02-18T08:00:00Z,173.841,site-a
2025-02-18T09:00:00Z,173.464,site-a
2025-02-18T10:00:00Z,175.91,site-a
2025-02-18T11:00:00Z,172.594,site-a
2025-02-18T12:00:00Z,173.981,site-a
2025-02-18T13:00:00Z,166.099,site-a
2025-02-18T14:00:00Z,164.997,site-a
2025-02-18T15:00:00Z,158.172,site-a
2025-02-18T16:00:00Z,160.756,site-a
2025-02-18T17:00:00Z,153.139,site-a
2025-02-18T18:00:00Z,148.484,site-a
2025-02-18T19:00:00Z,145.888,site-a
2025-02-18T20:00:00Z,148.385,site-a
2025-02-18T21:00:00Z,147.123,site-a
2025-02-18T22:00:00Z,149.91,site-a
2025-02-18T23:00:00Z,151.433,site-a
2025-02-19T00:00:00Z,148.495,site-a
2025-02-19T01:00:00Z,157.954,site-a
2025-02-19T02:00:00Z,155.475,site-a
2025-02-19T03:00:00Z,161.872,site-a
2025-02-19T04:00:00Z,164.535,site-a
2025-02-19T05:00:00Z,168.369,site-a
2025-02-19T06:00:00Z,171.355,site-a
2025-02-19T07:00:00Z,170.869,site-a
2025-02-19T08:00:00Z,179.096,site-a
2025-02-19T09:00:00Z,179.271,site-a
2025-02-19T10:00:00Z,179.761,site-a
2025-02-19T11:00:00Z,177.22,site-a
2025-02-19T12:00:00Z,171.877,site-a
2025-02-19T13:00:00Z,172.887,site-a
2025-02-19T14:00:00Z,164.648,site-a
2025-02-19T15:00:00Z,164.99,site-a
2025-02-19T16:00:00Z,159.919,site-a
2025-02-19T17:00:00Z,157.805,site-a
2025-02-19T18:00:00Z,155.186,site-a
2025-02-19T19:00:00Z,150.621,site-a
2025-02-19T20:00:00Z,145.084,site-a
2025-02-19T21:00:00Z,148.544,site-a
2025-02-19T22:00:00Z,144.055,site-a
2025-02-19T23:00:00Z,152.823,site-a
2025-02-20T00:00:00Z,151.15,site-a
2025-02-20T01:00:00Z,150.804,site-a
2025-02-20T02:00:00Z,159.333,site-a
2025-02-20T03:00:00Z,162.236,site-a
2025-02-20T04:00:00Z,165.851,site-a
2025-02-20T05:00:00Z,165.653,site-a
2025-02-20T06:00:00Z,176.007,site-a
2025-02-20T07:00:00Z,177.102,site-a
2025-02-20T08:00:00Z,176.763,site-a
2025-02-20T09:00:00Z,174.712,site-a
2025-02-20T10:00:00Z,175.851,site-a
2025-02-20T11:00:00Z,177.045,site-a
2025-02-20T12:00:00Z,175.915,site-a
2025-02-20T13:00:00Z,172.917,site-a
2025-02-20T14:00:00Z,162.374,site-a
2025-02-20T15:00:00Z,162.612,site-a
2025-02-20T16:00:00Z,157.067,site-a
2025-02-20T17:00:00Z,152.038,site-a
2025-02-20T18:00:00Z,153.44,site-a
2025-02-20T19:00:00Z,149.686,site-a
2025-02-20T20:00:00Z,148.571,site-a
2025-02-20T21:00:00Z,147.897,site-a
2025-02-20T22:00:00Z,144.27,site-a
2025-02-20T23:00:00Z,151.172,site-a
2025-02-21T00:00:00Z,152.439,site-a
2025-02-21T01:00:00Z,156.69,site-a
2025-02-21T02:00:00Z,161.873,site-a
2025-02-21T03:00:00Z,162.837,site-a
2025-02-21T04:00:00Z,165.642,site-a
2025-02-21T05:00:00Z,168.365,site-a
2025-02-21T06:00:00Z,169.389,site-a
2025-02-21T07:00:00Z,177.417,site-a
2025-02-21T08:00:00Z,178.824,site-a
2025-02-21T09:00:00Z,176.161,site-a
2025-02-21T10:00:00Z,175.324,site-a
2025-02-21T11:00:00Z,171.663,site-a
2025-02-21T12:00:00Z,171.536,site-a
2025-02-21T13:00:00Z,166.634,site-a
2025-02-21T14:00:00Z,168.261,site-a
2025-02-21T15:00:00Z,163.175,site-a
2025-02-21T16:00:00Z,156.542,site-a
2025-02-21T17:00:00Z,158.23,site-a
2025-02-21T18:00:00Z,152.302,site-a
2025-02-21T19:00:00Z,152.456,site-a
2025-02-21T20:00:00Z,151.731,site-a
2025-02-21T21:00:00Z,149.59,site-a
2025-02-21T22:00:00Z,149.157,site-a
2025-02-21T23:00:00Z,150.569,site-a
2025-02-22T00:00:00Z,135.999,site-a
2025-02-22T01:00:00Z,138.467,site-a
2025-02-22T02:00:00Z,143.661,site-a
2025-02-22T03:00:00Z,144.061,site-a
2025-02-22T04:00:00Z,149.464,site-a
2025-02-22T05:00:00Z,153.504,site-a
2025-02-22T06:00:00Z,159.59,site-a
2025-02-22T07:00:00Z,159.07,site-a
2025-02-22T08:00:00Z,158.8,site-a
2025-02-22T09:00:00Z,164.646,site-a
2025-02-22T10:00:00Z,164.864,site-a
2025-02-22T11:00:00Z,161.648,site-a
2025-02-22T12:00:00Z,154.942,site-a
2025-02-22T13:00:00Z,152.995,site-a
2025-02-22T14:00:00Z,149.221,site-a
2025-02-22T15:00:00Z,145.022,site-a
2025-02-22T16:00:00Z,143.974,site-a
2025-02-22T17:00:00Z,143.881,site-a
2025-02-22T18:00:00Z,139.971,site-a
2025-02-22T19:00:00Z,137.506,site-a
2025-02-22T20:00:00Z,130.141,site-a
2025-02-22T21:00:00Z,132.098,site-a
2025-02-22T22:00:00Z,134.101,site-a
2025-02-22T23:00:00Z,131.973,site-a
2025-02-23T00:00:00Z,135.652,site-a
2025-02-23T01:00:00Z,137.401,site-a
2025-02-23T02:00:00Z,143.481,site-a
2025-02-23T03:00:00Z,150.146,site-a
2025-02-23T04:00:00Z,152.767,site-a
2025-02-23T05:00:00Z,156.225,site-a
2025-02-23T06:00:00Z,160.932,site-a
2025-02-23T07:00:00Z,158.107,site-a
2025-02-23T08:00:00Z,163.569,site-a
2025-02-23T09:00:00Z,165.863,site-a
2025-02-23T10:00:00Z,164.669,site-a
2025-02-23T11:00:00Z,161.59,site-a
2025-02-23T12:00:00Z,160.245,site-a
2025-02-23T13:00:00Z,153.927,site-a
2025-02-23T14:00:00Z,154.922,site-a
2025-02-23T15:00:00Z,150.57,site-a
2025-02-23T16:00:00Z,143.418,site-a
2025-02-23T17:00:00Z,142.388,site-a
2025-02-23T18:00:00Z,138.057,site-a
2025-02-23T19:00:00Z,137.366,site-a
2025-02-23T20:00:00Z,130.929,site-a
2025-02-23T21:00:00Z,134.273,site-a
2025-02-23T22:00:00Z,131.688,site-a
2025-02-23T23:00:00Z,131.121,site-a
2025-02-24T00:00:00Z,153.848,site-a
2025-02-24T01:00:00Z,154.513,site-a
2025-02-24T02:00:00Z,155.248,site-a
2025-02-24T03:00:00Z,158.841,site-a
2025-02-24T04:00:00Z,169.04,site-a
2025-02-24T05:00:00Z,170.018,site-a
2025-02-24T06:00:00Z,170.467,site-a
2025-02-24T07:00:00Z,174.162,site-a
2025-02-24T08:00:00Z,176.655,site-a
2025-02-24T09:00:00Z,178.336,site-a
2025-02-24T10:00:00Z,177.986,site-a
2025-02-24T11:00:00Z,179.036,site-a
2025-02-24T12:00:00Z,175.857,site-a
2025-02-24T13:00:00Z,173.093,site-a
2025-02-24T14:00:00Z,166.453,site-a
2025-02-24T15:00:00Z,162.834,site-a
2025-02-24T16:00:00Z,160.151,site-a
2025-02-24T17:00:00Z,158.273,site-a
2025-02-24T18:00:00Z,149.662,site-a
2025-02-24T19:00:00Z,153.285,site-a
2025-02-24T20:00:00Z,149.003,site-a
2025-02-24T21:00:00Z,150.7,site-a
2025-02-24T22:00:00Z,145.835,site-a
2025-02-24T23:00:00Z,148.519,site-a
2025-02-25T00:00:00Z,150.113,site-a
2025-02-25T01:00:00Z,154.35,site-a
2025-02-25T02:00:00Z,157.546,site-a
2025-02-25T03:00:00Z,159.557,site-a
2025-02-25T04:00:00Z,169.068,site-a
2025-02-25T05:00:00Z,167.375,site-a
2025-02-25T06:00:00Z,172.434,site-a
2025-02-25T07:00:00Z,178.566,site-a
2025-02-25T08:00:00Z,177.464,site-a
2025-02-25T09:00:00Z,176.513,site-a
2025-02-25T10:00:00Z,181.624,site-a
2025-02-25T11:00:00Z,180.121,site-a
2025-02-25T12:00:00Z,172.706,site-a
2025-02-25T13:00:00Z,173.796,site-a
2025-02-25T14:00:00Z,167.516,site-a
2025-02-25T15:00:00Z,160.315,site-a
2025-02-25T16:00:00Z,161.869,site-a
2025-02-25T17:00:00Z,158.094,site-a
2025-02-25T18:00:00Z,155.663,site-a
2025-02-25T19:00:00Z,149.931,site-a
2025-02-25T20:00:00Z,150.065,site-a
2025-02-25T21:00:00Z,147.303,site-a
2025-02-25T22:00:00Z,152.134,site-a
2025-02-25T23:00:00Z,154.051,site-a
2025-02-26T00:00:00Z,151.36,site-a
2025-02-26T01:00:00Z,156.06,site-a
2025-02-26T02:00:00Z,162.39,site-a
2025-02-26T03:00:00Z,162.84,site-a
2025-02-26T04:00:00Z,166.696,site-a
2025-02-26T05:00:00Z,171.011,site-a
2025-02-26T06:00:00Z,176.705,site-a
2025-02-26T07:00:00Z,179.801,site-a
2025-02-26T08:00:00Z,178.987,site-a
2025-02-26T09:00:00Z,180.415,site-a
2025-02-26T10:00:00Z,174.482,site-a
2025-02-26T11:00:00Z,175.038,site-a
2025-02-26T12:00:00Z,175.971,site-a
2025-02-26T13:00:00Z,173.107,site-a
2025-02-26T14:00:00Z,171.581,site-a
2025-02-26T15:00:00Z,163.96,site-a
2025-02-26T16:00:00Z,157.601,site-a
2025-02-26T17:00:00Z,152.996,site-a
2025-02-26T18:00:00Z,154.173,site-a
2025-02-26T19:00:00Z,147.268,site-a
2025-02-26T20:00:00Z,148.168,site-a
2025-02-26T21:00:00Z,150.919,site-a
2025-02-26T22:00:00Z,145.993,site-a
2025-02-26T23:00:00Z,150.289,site-a
2025-02-27T00:00:00Z,150.749,site-a
2025-02-27T01:00:00Z,157.347,site-a
2025-02-27T02:00:00Z,160.725,site-a
2025-02-27T03:00:00Z,162.734,site-a
2025-02-27T04:00:00Z,170.398,site-a
2025-02-27T05:00:00Z,172.758,site-a
2025-02-27T06:00:00Z,173.51,site-a
2025-02-27T07:00:00Z,173.145,site-a
2025-02-27T08:00:00Z,180.664,site-a
2025-02-27T09:00:00Z,181.839,site-a
2025-02-27T10:00:00Z,180.088,site-a
2025-02-27T11:00:00Z,178.482,site-a
2025-02-27T12:00:00Z,174.928,site-a
2025-02-27T13:00:00Z,170.903,site-a
2025-02-27T14:00:00Z,167.292,site-a
2025-02-27T15:00:00Z,163.104,site-a
2025-02-27T16:00:00Z,162.104,site-a
2025-02-27T17:00:00Z,154.555,site-a
2025-02-27T18:00:00Z,150.912,site-a
2025-02-27T19:00:00Z,149.831,site-a
2025-02-27T20:00:00Z,151.278,site-a
2025-02-27T21:00:00Z,148.038,site-a
2025-02-27T22:00:00Z,148.335,site-a
2025-02-27T23:00:00Z,152.582,site-a
2025-02-28T00:00:00Z,151.719,site-a
2025-02-28T01:00:00Z,159.107,site-a
2025-02-28T02:00:00Z,160.756,site-a
2025-02-28T03:00:00Z,160.543,site-a
2025-02-28T04:00:00Z,168.741,site-a
2025-02-28T05:00:00Z,172.234,site-a
2025-02-28T06:00:00Z,178.354,site-a
2025-02-28T07:00:00Z,173.956,site-a
2025-02-28T08:00:00Z,176.625,site-a
2025-02-28T09:00:00Z,176.59,site-a
2025-02-28T10:00:00Z,175.036,site-a
2025-02-28T11:00:00Z,177.524,site-a
2025-02-28T12:00:00Z,174.981,site-a
2025-02-28T13:00:00Z,174.72,site-a
2025-02-28T14:00:00Z,164.181,site-a
2025-02-28T15:00:00Z,163.346,site-a
2025-02-28T16:00:00Z,159.473,site-a
2025-02-28T17:00:00Z,154.31,site-a
2025-02-28T18:00:00Z,153.464,site-a
2025-02-28T19:00:00Z,149.011,site-a
2025-02-28T20:00:00Z,149.593,site-a
2025-02-28T21:00:00Z,145.656,site-a
2025-02-28T22:00:00Z,146.319,site-a
2025-02-28T23:00:00Z,149.509,site-a
2025-03-01T00:00:00Z,135.427,site-a
2025-03-01T01:00:00Z,140.608,site-a
2025-03-01T02:00:00Z,144.972,site-a
2025-03-01T03:00:00Z,152.507,site-a
2025-03-01T04:00:00Z,154.051,site-a
2025-03-01T05:00:00Z,154.786,site-a
2025-03-01T06:00:00Z,158.5,site-a
2025-03-01T07:00:00Z,164.994,site-a
2025-03-01T08:00:00Z,164.357,site-a
2025-03-01T09:00:00Z,161.433,site-a
2025-03-01T10:00:00Z,164.56,site-a
2025-03-01T11:00:00Z,162.105,site-a
2025-03-01T12:00:00Z,157.707,site-a
2025-03-01T13:00:00Z,156.807,site-a
2025-03-01T14:00:00Z,150.701,site-a
2025-03-01T15:00:00Z,151.524,site-a
2025-03-01T16:00:00Z,142.074,site-a
2025-03-01T17:00:00Z,140.51,site-a
2025-03-01T18:00:00Z,139.9,site-a
2025-03-01T19:00:00Z,138.619,site-a
2025-03-01T20:00:00Z,137.478,site-a
2025-03-01T21:00:00Z,133.111,site-a
2025-03-01T22:00:00Z,131.571,site-a
2025-03-01T23:00:00Z,133.456,site-a
2025-03-02T00:00:00Z,140.369,site-a
2025-03-02T01:00:00Z,141.161,site-a
2025-03-02T02:00:00Z,144.558,site-a
2025-03-02T03:00:00Z,150.731,site-a
2025-03-02T04:00:00Z,156.879,site-a
2025-03-02T05:00:00Z,153.306,site-a
2025-03-02T06:00:00Z,162.507,site-a
2025-03-02T07:00:00Z,162.907,site-a
2025-03-02T08:00:00Z,161.581,site-a
2025-03-02T09:00:00Z,163.45,site-a
2025-03-02T10:00:00Z,160.785,site-a
2025-03-02T11:00:00Z,162.172,site-a
2025-03-02T12:00:00Z,158.873,site-a
2025-03-02T13:00:00Z,157.32,site-a
2025-03-02T14:00:00Z,157.428,site-a
2025-03-02T15:00:00Z,150.448,site-a
2025-03-02T16:00:00Z,144.078,site-a
2025-03-02T17:00:00Z,141.46,site-a
2025-03-02T18:00:00Z,136.64,site-a
2025-03-02T19:00:00Z,140.291,site-a
2025-03-02T20:00:00Z,133.372,site-a
2025-03-02T21:00:00Z,134.459,site-a
2025-03-02T22:00:00Z,138.315,site-a
2025-03-02T23:00:00Z,136.234,site-a
2025-03-03T00:00:00Z,150.177,site-a
2025-03-03T01:00:00Z,157.544,site-a
2025-03-03T02:00:00Z,162.659,site-a
2025-03-03T03:00:00Z,162.372,site-a
2025-03-03T04:00:00Z,164.815,site-a
2025-03-03T05:00:00Z,171.221,site-a
2025-03-03T06:00:00Z,177.659,site-a
2025-03-03T07:00:00Z,174.402,site-a
2025-03-03T08:00:00Z,177.825,site-a
2025-03-03T09:00:00Z,180.006,site-a
2025-03-03T10:00:00Z,178.296,site-a
2025-03-03T11:00:00Z,177.966,site-a
2025-03-03T12:00:00Z,173.933,site-a
2025-03-03T13:00:00Z,172.578,site-a
2025-03-03T14:00:00Z,170.082,site-a
2025-03-03T15:00:00Z,165.671,site-a
2025-03-03T16:00:00Z,163.405,site-a
2025-03-03T17:00:00Z,155.708,site-a
2025-03-03T18:00:00Z,156.935,site-a
2025-03-03T19:00:00Z,152.087,site-a
2025-03-03T20:00:00Z,150.718,site-a
2025-03-03T21:00:00Z,152.17,site-a
2025-03-03T22:00:00Z,149.634,site-a
2025-03-03T23:00:00Z,148.282,site-a
2025-03-04T00:00:00Z,157.053,site-a
2025-03-04T01:00:00Z,153.57,site-a
2025-03-04T02:00:00Z,159.751,site-a
2025-03-04T03:00:00Z,165.74,site-a
2025-03-04T04:00:00Z,168.964,site-a
2025-03-04T05:00:00Z,171.754,site-a
2025-03-04T06:00:00Z,178.991,site-a
2025-03-04T07:00:00Z,181.296,site-a
2025-03-04T08:00:00Z,181.04,site-a
2025-03-04T09:00:00Z,177.703,site-a
2025-03-04T10:00:00Z,177.998,site-a
2025-03-04T11:00:00Z,179.101,site-a
2025-03-04T12:00:00Z,178.603,site-a
2025-03-04T13:00:00Z,175.04,site-a
2025-03-04T14:00:00Z,165.339,site-a
2025-03-04T15:00:00Z,164.622,site-a
2025-03-04T16:00:00Z,159.799,site-a
2025-03-04T17:00:00Z,155.2,site-a
2025-03-04T18:00:00Z,156.763,site-a
2025-03-04T19:00:00Z,148.445,site-a
2025-03-04T20:00:00Z,150.02,site-a
2025-03-04T21:00:00Z,151.058,site-a
2025-03-04T22:00:00Z,146.671,site-a
2025-03-04T23:00:00Z,149.376,site-a
2025-03-05T00:00:00Z,151.421,site-a
2025-03-05T01:00:00Z,159.772,site-a
2025-03-05T02:00:00Z,160.97,site-a
2025-03-05T03:00:00Z,167.37,site-a
2025-03-05T04:00:00Z,165.85,site-a
2025-03-05T05:00:00Z,171.888,site-a
2025-03-05T06:00:00Z,178.081,site-a
2025-03-05T07:00:00Z,181.42,site-a
2025-03-05T08:00:00Z,181.996,site-a
2025-03-05T09:00:00Z,182.066,site-a
2025-03-05T10:00:00Z,177.647,site-a
2025-03-05T11:00:00Z,182.069,site-a
2025-03-05T12:00:00Z,175.701,site-a
2025-03-05T13:00:00Z,170.104,site-a
2025-03-05T14:00:00Z,169.101,site-a
2025-03-05T15:00:00Z,164.599,site-a
2025-03-05T16:00:00Z,161.553,site-a
2025-03-05T17:00:00Z,154.089,site-a
2025-03-05T18:00:00Z,157.533,site-a
2025-03-05T19:00:00Z,155.604,site-a
2025-03-05T20:00:00Z,150.404,site-a
2025-03-05T21:00:00Z,146.565,site-a
2025-03-05T22:00:00Z,152.355,site-a
2025-03-05T23:00:00Z,153.742,site-a
2025-03-06T00:00:00Z,155.273,site-a
2025-03-06T01:00:00Z,157.313,site-a
2025-03-06T02:00:00Z,158.792,site-a
2025-03-06T03:00:00Z,167.14,site-a
2025-03-06T04:00:00Z,166.979,site-a
2025-03-06T05:00:00Z,176.073,site-a
2025-03-06T06:00:00Z,177.023,site-a
2025-03-06T07:00:00Z,175.544,site-a
2025-03-06T08:00:00Z,183.693,site-a
2025-03-06T09:00:00Z,177.145,site-a
2025-03-06T10:00:00Z,178.784,site-a
2025-03-06T11:00:00Z,180.323,site-a
2025-03-06T12:00:00Z,175.822,site-a
2025-03-06T13:00:00Z,173.296,site-a
2025-03-06T14:00:00Z,168.491,site-a
2025-03-06T15:00:00Z,166.518,site-a
2025-03-06T16:00:00Z,160.263,site-a
2025-03-06T17:00:00Z,155.008,site-a
2025-03-06T18:00:00Z,151.611,site-a
2025-03-06T19:00:00Z,150.754,site-a
2025-03-06T20:00:00Z,152.183,site-a
2025-03-06T21:00:00Z,153.129,site-a
2025-03-06T22:00:00Z,151.172,site-a
2025-03-06T23:00:00Z,150.583,site-a
2025-03-07T00:00:00Z,153.949,site-a
2025-03-07T01:00:00Z,157.57,site-a
2025-03-07T02:00:00Z,162.817,site-a
2025-03-07T03:00:00Z,169.013,site-a
2025-03-07T04:00:00Z,171.284,site-a
2025-03-07T05:00:00Z,173.052,site-a
2025-03-07T06:00:00Z,175.021,site-a
2025-03-07T07:00:00Z,177.201,site-a
2025-03-07T08:00:00Z,183.97,site-a
2025-03-07T09:00:00Z,181.603,site-a
2025-03-07T10:00:00Z,178.087,site-a
2025-03-07T11:00:00Z,180.162,site-a
2025-03-07T12:00:00Z,178.424,site-a
2025-03-07T13:00:00Z,175.242,site-a
2025-03-07T14:00:00Z,167.191,site-a
2025-03-07T15:00:00Z,165.605,site-a
2025-03-07T16:00:00Z,164.961,site-a
2025-03-07T17:00:00Z,160.668,site-a
2025-03-07T18:00:00Z,153.38,site-a
2025-03-07T19:00:00Z,155.677,site-a
2025-03-07T20:00:00Z,149.053,site-a
2025-03-07T21:00:00Z,153.935,site-a
2025-03-07T22:00:00Z,154.54,site-a
2025-03-07T23:00:00Z,150.649,site-a
2025-03-08T00:00:00Z,143.236,site-a
2025-03-08T01:00:00Z,143.94,site-a
2025-03-08T02:00:00Z,147.381,site-a
2025-03-08T03:00:00Z,149.763,site-a
2025-03-08T04:00:00Z,157.031,site-a
2025-03-08T05:00:00Z,158.264,site-a
2025-03-08T06:00:00Z,163.438,site-a
2025-03-08T07:00:00Z,163.525,site-a
2025-03-08T08:00:00Z,169.08,site-a
2025-03-08T09:00:00Z,163.24,site-a
2025-03-08T10:00:00Z,168.3,site-a
2025-03-08T11:00:00Z,167.857,site-a
2025-03-08T12:00:00Z,158.238,site-a
2025-03-08T13:00:00Z,155.62,site-a
2025-03-08T14:00:00Z,153.234,site-a
2025-03-08T15:00:00Z,152.743,site-a
2025-03-08T16:00:00Z,149.384,site-a
2025-03-08T17:00:00Z,147.473,site-a
2025-03-08T18:00:00Z,143.484,site-a
2025-03-08T19:00:00Z,140.416,site-a
2025-03-08T20:00:00Z,135.559,site-a
2025-03-08T21:00:00Z,136.19,site-a
2025-03-08T22:00:00Z,139.261,site-a
2025-03-08T23:00:00Z,137.817,site-a
2025-03-09T00:00:00Z,140.711,site-a
2025-03-09T01:00:00Z,146.356,site-a
2025-03-09T02:00:00Z,143.199,site-a
2025-03-09T03:00:00Z,149.699,site-a
2025-03-09T04:00:00Z,151.133,site-a
2025-03-09T05:00:00Z,159.531,site-a
2025-03-09T06:00:00Z,158.493,site-a
2025-03-09T07:00:00Z,160.795,site-a
2025-03-09T08:00:00Z,168.03,site-a
2025-03-09T09:00:00Z,163.687,site-a
2025-03-09T10:00:00Z,162.081,site-a
2025-03-09T11:00:00Z,161.629,site-a
2025-03-09T12:00:00Z,164.934,site-a
2025-03-09T13:00:00Z,158.431,site-a
2025-03-09T14:00:00Z,157.668,site-a
2025-03-09T15:00:00Z,153.502,site-a
2025-03-09T16:00:00Z,147.573,site-a
2025-03-09T17:00:00Z,142.089,site-a
2025-03-09T18:00:00Z,141.566,site-a
2025-03-09T19:00:00Z,142.312,site-a
2025-03-09T20:00:00Z,137.781,site-a
2025-03-09T21:00:00Z,137.625,site-a
2025-03-09T22:00:00Z,136.458,site-a
2025-03-09T23:00:00Z,139.064,site-a
2025-03-10T00:00:00Z,159.371,site-a
2025-03-10T01:00:00Z,156.19,site-a
2025-03-10T02:00:00Z,161.836,site-a
2025-03-10T03:00:00Z,164.869,site-a
2025-03-10T04:00:00Z,172.644,site-a
2025-03-10T05:00:00Z,175.338,site-a
2025-03-10T06:00:00Z,177.363,site-a
2025-03-10T07:00:00Z,181.068,site-a
2025-03-10T08:00:00Z,177.05,site-a
2025-03-10T09:00:00Z,179.063,site-a
2025-03-10T10:00:00Z,177.418,site-a
2025-03-10T11:00:00Z,182.577,site-a
2025-03-10T12:00:00Z,180.652,site-a
2025-03-10T13:00:00Z,170.991,site-a
2025-03-10T14:00:00Z,170.627,site-a
2025-03-10T15:00:00Z,164.046,site-a
2025-03-10T16:00:00Z,163.715,site-a
2025-03-10T17:00:00Z,160.127,site-a
2025-03-10T18:00:00Z,155.688,site-a
2025-03-10T19:00:00Z,153.082,site-a
2025-03-10T20:00:00Z,151.997,site-a
2025-03-10T21:00:00Z,154.194,site-a
2025-03-10T22:00:00Z,151.056,site-a
2025-03-10T23:00:00Z,150.869,site-a
2025-03-11T00:00:00Z,153.93,site-a
2025-03-11T01:00:00Z,162.579,site-a
2025-03-11T02:00:00Z,159.151,site-a
2025-03-11T03:00:00Z,164.088,site-a
2025-03-11T04:00:00Z,169.852,site-a
2025-03-11T05:00:00Z,173.255,site-a
2025-03-11T06:00:00Z,173.381,site-a
2025-03-11T07:00:00Z,180.35,site-a
2025-03-11T08:00:00Z,178.918,site-a
2025-03-11T09:00:00Z,179.19,site-a
2025-03-11T10:00:00Z,178.332,site-a
2025-03-11T11:00:00Z,177.327,site-a
2025-03-11T12:00:00Z,177.762,site-a
2025-03-11T13:00:00Z,174.908,site-a
2025-03-11T14:00:00Z,170.294,site-a
2025-03-11T15:00:00Z,164.356,site-a
2025-03-11T16:00:00Z,160.605,site-a
2025-03-11T17:00:00Z,159.295,site-a
2025-03-11T18:00:00Z,158.015,site-a
2025-03-11T19:00:00Z,150.976,site-a
2025-03-11T20:00:00Z,151.856,site-a
2025-03-11T21:00:00Z,152.223,site-a
2025-03-11T22:00:00Z,150.237,site-a
2025-03-11T23:00:00Z,155.963,site-a
2025-03-12T00:00:00Z,159.748,site-a
2025-03-12T01:00:00Z,157.434,site-a
2025-03-12T02:00:00Z,159.923,site-a
2025-03-12T03:00:00Z,167.191,site-a
2025-03-12T04:00:00Z,166.596,site-a
2025-03-12T05:00:00Z,176.269,site-a
2025-03-12T06:00:00Z,174.742,site-a
2025-03-12T07:00:00Z,181.798,site-a
2025-03-12T08:00:00Z,182.923,site-a
2025-03-12T09:00:00Z,180.801,site-a
2025-03-12T10:00:00Z,180.026,site-a
2025-03-12T11:00:00Z,183.424,site-a
2025-03-12T12:00:00Z,179.422,site-a
2025-03-12T13:00:00Z,177.533,site-a
2025-03-12T14:00:00Z,167.848,site-a
2025-03-12T15:00:00Z,164.362,site-a
2025-03-12T16:00:00Z,163.842,site-a
2025-03-12T17:00:00Z,159.236,site-a
2025-03-12T18:00:00Z,153.309,site-a
2025-03-12T19:00:00Z,153.892,site-a
2025-03-12T20:00:00Z,150.854,site-a
2025-03-12T21:00:00Z,149.404,site-a
2025-03-12T22:00:00Z,150.914,site-a
2025-03-12T23:00:00Z,157.402,site-a
2025-03-13T00:00:00Z,157.994,site-a
2025-03-13T01:00:00Z,161.666,site-a
2025-03-13T02:00:00Z,159.124,site-a
2025-03-13T03:00:00Z,164.397,site-a
2025-03-13T04:00:00Z,172.225,site-a
2025-03-13T05:00:00Z,173.497,site-a
2025-03-13T06:00:00Z,179.39,site-a
2025-03-13T07:00:00Z,183.072,site-a
2025-03-13T08:00:00Z,182.691,site-a
2025-03-13T09:00:00Z,186.041,site-a
2025-03-13T10:00:00Z,179.408,site-a
2025-03-13T11:00:00Z,176.647,site-a
2025-03-13T12:00:00Z,179.994,site-a
2025-03-13T13:00:00Z,171.585,site-a
2025-03-13T14:00:00Z,168.783,site-a
2025-03-13T15:00:00Z,169.026,site-a
2025-03-13T16:00:00Z,166.982,site-a
2025-03-13T17:00:00Z,160.386,site-a
2025-03-13T18:00:00Z,157.787,site-a
2025-03-13T19:00:00Z,154.078,site-a
2025-03-13T20:00:00Z,152.808,site-a
2025-03-13T21:00:00Z,150.464,site-a
2025-03-13T22:00:00Z,149.972,site-a
2025-03-13T23:00:00Z,156.784,site-a
2025-03-14T00:00:00Z,154.144,site-a
2025-03-14T01:00:00Z,157.247,site-a
2025-03-14T02:00:00Z,166.786,site-a
2025-03-14T03:00:00Z,169.243,site-a
2025-03-14T04:00:00Z,167.426,site-a
2025-03-14T05:00:00Z,172.989,site-a
2025-03-14T06:00:00Z,178.717,site-a
2025-03-14T07:00:00Z,183.58,site-a
2025-03-14T08:00:00Z,181.646,site-a
2025-03-14T09:00:00Z,185.62,site-a
2025-03-14T10:00:00Z,184.54,site-a
2025-03-14T11:00:00Z,180.077,site-a
2025-03-14T12:00:00Z,179.101,site-a
2025-03-14T13:00:00Z,174.912,site-a
2025-03-14T14:00:00Z,167.831,site-a
2025-03-14T15:00:00Z,169.68,site-a
2025-03-14T16:00:00Z,160.161,site-a
2025-03-14T17:00:00Z,162.97,site-a
2025-03-14T18:00:00Z,156.832,site-a
2025-03-14T19:00:00Z,157.275,site-a
2025-03-14T20:00:00Z,150.073,site-a
2025-03-14T21:00:00Z,155.865,site-a
2025-03-14T22:00:00Z,156.897,site-a
2025-03-14T23:00:00Z,152.269,site-a
2025-03-15T00:00:00Z,142.799,site-a
2025-03-15T01:00:00Z,141.074,site-a
2025-03-15T02:00:00Z,147.914,site-a
2025-03-15T03:00:00Z,154.907,site-a
2025-03-15T04:00:00Z,153.716,site-a
2025-03-15T05:00:00Z,158.231,site-a
2025-03-15T06:00:00Z,161.286,site-a
2025-03-15T07:00:00Z,165.524,site-a
2025-03-15T08:00:00Z,164.449,site-a
2025-03-15T09:00:00Z,167.452,site-a
2025-03-15T10:00:00Z,163.504,site-a
2025-03-15T11:00:00Z,163.728,site-a
2025-03-15T12:00:00Z,164.815,site-a
2025-03-15T13:00:00Z,156.354,site-a
2025-03-15T14:00:00Z,156.56,site-a
2025-03-15T15:00:00Z,152.33,site-a
2025-03-15T16:00:00Z,151.226,site-a
2025-03-15T17:00:00Z,142.748,site-a
2025-03-15T18:00:00Z,140.322,site-a
2025-03-15T19:00:00Z,142.321,site-a
2025-03-15T20:00:00Z,134.816,site-a
2025-03-15T21:00:00Z,141.471,site-a
2025-03-15T22:00:00Z,141.668,site-a
2025-03-15T23:00:00Z,140.463,site-a
2025-03-16T00:00:00Z,138.599,site-a
2025-03-16T01:00:00Z,147.997,site-a
2025-03-16T02:00:00Z,150.657,site-a
2025-03-16T03:00:00Z,150.511,site-a
2025-03-16T04:00:00Z,154.923,site-a
2025-03-16T05:00:00Z,162.374,site-a
2025-03-16T06:00:00Z,162.405,site-a
2025-03-16T07:00:00Z,166.405,site-a
2025-03-16T08:00:00Z,167.694,site-a
2025-03-16T09:00:00Z,165.998,site-a
2025-03-16T10:00:00Z,166.316,site-a
2025-03-16T11:00:00Z,167.44,site-a
2025-03-16T12:00:00Z,166.604,site-a
2025-03-16T13:00:00Z,164.073,site-a
2025-03-16T14:00:00Z,160.6,site-a
2025-03-16T15:00:00Z,154.477,site-a
2025-03-16T16:00:00Z,152.992,site-a
2025-03-16T17:00:00Z,144.686,site-a
2025-03-16T18:00:00Z,141.968,site-a
2025-03-16T19:00:00Z,143.034,site-a
2025-03-16T20:00:00Z,139.465,site-a
2025-03-16T21:00:00Z,139.656,site-a
2025-03-16T22:00:00Z,138.656,site-a
2025-03-16T23:00:00Z,143.755,site-a
2025-03-17T00:00:00Z,158.632,site-a
2025-03-17T01:00:00Z,157.764,site-a
2025-03-17T02:00:00Z,166.938,site-a
2025-03-17T03:00:00Z,168.286,site-a
2025-03-17T04:00:00Z,170.725,site-a
2025-03-17T05:00:00Z,174.518,site-a
2025-03-17T06:00:00Z,180.797,site-a
2025-03-17T07:00:00Z,182.848,site-a
2025-03-17T08:00:00Z,179.626,site-a
2025-03-17T09:00:00Z,184.555,site-a
2025-03-17T10:00:00Z,182.924,site-a
2025-03-17T11:00:00Z,179.692,site-a
2025-03-17T12:00:00Z,177.026,site-a
2025-03-17T13:00:00Z,179.69,site-a
2025-03-17T14:00:00Z,175.79,site-a
2025-03-17T15:00:00Z,167.286,site-a
2025-03-17T16:00:00Z,164.24,site-a
2025-03-17T17:00:00Z,161.221,site-a
2025-03-17T18:00:00Z,154.68,site-a
2025-03-17T19:00:00Z,156.306,site-a
2025-03-17T20:00:00Z,155.568,site-a
2025-03-17T21:00:00Z,154.728,site-a
2025-03-17T22:00:00Z,151.828,site-a
2025-03-17T23:00:00Z,156.379,site-a
2025-03-18T00:00:00Z,156.182,site-a
2025-03-18T01:00:00Z,164.278,site-a
2025-03-18T02:00:00Z,160.908,site-a
2025-03-18T03:00:00Z,165.681,site-a
2025-03-18T04:00:00Z,171.418,site-a
2025-03-18T05:00:00Z,177.025,site-a
2025-03-18T06:00:00Z,181.517,site-a
2025-03-18T07:00:00Z,179.309,site-a
2025-03-18T08:00:00Z,181.666,site-a
2025-03-18T09:00:00Z,184.776,site-a
2025-03-18T10:00:00Z,180.281,site-a
2025-03-18T11:00:00Z,182.074,site-a
2025-03-18T12:00:00Z,182.259,site-a
2025-03-18T13:00:00Z,179.1,site-a
2025-03-18T14:00:00Z,172.766,site-a
2025-03-18T15:00:00Z,172.215,site-a
2025-03-18T16:00:00Z,165.846,site-a
2025-03-18T17:00:00Z,164.9,site-a
2025-03-18T18:00:00Z,154.522,site-a
2025-03-18T19:00:00Z,156.187,site-a
2025-03-18T20:00:00Z,153.979,site-a
2025-03-18T21:00:00Z,153.393,site-a
2025-03-18T22:00:00Z,155.689,site-a
2025-03-18T23:00:00Z,151.837,site-a
2025-03-19T00:00:00Z,159.881,site-a
2025-03-19T01:00:00Z,159.409,site-a
2025-03-19T02:00:00Z,162.948,site-a
2025-03-19T03:00:00Z,165.979,site-a
2025-03-19T04:00:00Z,173.941,site-a
2025-03-19T05:00:00Z,176.903,site-a
2025-03-19T06:00:00Z,178.018,site-a
2025-03-19T07:00:00Z,182.102,site-a
2025-03-19T08:00:00Z,180.118,site-a
2025-03-19T09:00:00Z,183.279,site-a
2025-03-19T10:00:00Z,179.698,site-a
2025-03-19T11:00:00Z,181.745,site-a
2025-03-19T12:00:00Z,178.365,site-a
2025-03-19T13:00:00Z,176.665,site-a
2025-03-19T14:00:00Z,169.976,site-a
2025-03-19T15:00:00Z,169.472,site-a
2025-03-19T16:00:00Z,162.083,site-a
2025-03-19T17:00:00Z,158.61,site-a
2025-03-19T18:00:00Z,156.912,site-a
2025-03-19T19:00:00Z,152.466,site-a
2025-03-19T20:00:00Z,158.203,site-a
2025-03-19T21:00:00Z,154.755,site-a
2025-03-19T22:00:00Z,157.416,site-a
2025-03-19T23:00:00Z,151.821,site-a
2025-03-20T00:00:00Z,155.792,site-a
2025-03-20T01:00:00Z,161.133,site-a
2025-03-20T02:00:00Z,168.507,site-a
2025-03-20T03:00:00Z,168.672,site-a
2025-03-20T04:00:00Z,174.996,site-a
2025-03-20T05:00:00Z,175.304,site-a
2025-03-20T06:00:00Z,176.303,site-a
2025-03-20T07:00:00Z,184.723,site-a
2025-03-20T08:00:00Z,186.322,site-a
2025-03-20T09:00:00Z,182.698,site-a
2025-03-20T10:00:00Z,182.617,site-a
2025-03-20T11:00:00Z,185.601,site-a
2025-03-20T12:00:00Z,179.4,site-a
2025-03-20T13:00:00Z,174.017,site-a
2025-03-20T14:00:00Z,171.466,site-a
2025-03-20T15:00:00Z,172.587,site-a
2025-03-20T16:00:00Z,161.417,site-a
2025-03-20T17:00:00Z,160.927,site-a
2025-03-20T18:00:00Z,154.806,site-a
2025-03-20T19:00:00Z,158.27,site-a
2025-03-20T20:00:00Z,155.041,site-a
2025-03-20T21:00:00Z,153.866,site-a
2025-03-20T22:00:00Z,151.634,site-a
2025-03-20T23:00:00Z,154.859,site-a
2025-03-21T00:00:00Z,161.032,site-a
2025-03-21T01:00:00Z,157.425,site-a
2025-03-21T02:00:00Z,162.511,site-a
2025-03-21T03:00:00Z,167.03,site-a
2025-03-21T04:00:00Z,173.479,site-a
2025-03-21T05:00:00Z,174.684,site-a
2025-03-21T06:00:00Z,178.712,site-a
2025-03-21T07:00:00Z,180.87,site-a
2025-03-21T08:00:00Z,183.172,site-a
2025-03-21T09:00:00Z,185.557,site-a
2025-03-21T10:00:00Z,183.012,site-a
2025-03-21T11:00:00Z,179.134,site-a
2025-03-21T12:00:00Z,182.465,site-a
2025-03-21T13:00:00Z,173.339,site-a
2025-03-21T14:00:00Z,176.778,site-a
2025-03-21T15:00:00Z,167.76,site-a
2025-03-21T16:00:00Z,168.999,site-a
2025-03-21T17:00:00Z,159.643,site-a
2025-03-21T18:00:00Z,159.087,site-a
2025-03-21T19:00:00Z,152.881,site-a
2025-03-21T20:00:00Z,155.248,site-a
2025-03-21T21:00:00Z,151.033,site-a
2025-03-21T22:00:00Z,152.082,site-a
2025-03-21T23:00:00Z,157.236,site-a
2025-03-22T00:00:00Z,140.085,site-a
2025-03-22T01:00:00Z,145.521,site-a
2025-03-22T02:00:00Z,150.733,site-a
2025-03-22T03:00:00Z,152.495,site-a
2025-03-22T04:00:00Z,156.673,site-a
2025-03-22T05:00:00Z,162.517,site-a
2025-03-22T06:00:00Z,161.652,site-a
2025-03-22T07:00:00Z,167.892,site-a
2025-03-22T08:00:00Z,169.138,site-a
2025-03-22T09:00:00Z,166.827,site-a
2025-03-22T10:00:00Z,165.405,site-a
2025-03-22T11:00:00Z,167.862,site-a
2025-03-22T12:00:00Z,168.012,site-a
2025-03-22T13:00:00Z,165.194,site-a
2025-03-22T14:00:00Z,156.866,site-a
2025-03-22T15:00:00Z,158.069,site-a
2025-03-22T16:00:00Z,154.482,site-a
2025-03-22T17:00:00Z,145.446,site-a
2025-03-22T18:00:00Z,144.79,site-a
2025-03-22T19:00:00Z,142.903,site-a
2025-03-22T20:00:00Z,138.561,site-a
2025-03-22T21:00:00Z,141.823,site-a
2025-03-22T22:00:00Z,139.111,site-a
2025-03-22T23:00:00Z,138.085,site-a
2025-03-23T00:00:00Z,145.851,site-a
2025-03-23T01:00:00Z,147.72,site-a
2025-03-23T02:00:00Z,149.889,site-a
2025-03-23T03:00:00Z,157.364,site-a
2025-03-23T04:00:00Z,155.236,site-a
2025-03-23T05:00:00Z,158.93,site-a
2025-03-23T06:00:00Z,166.278,site-a
2025-03-23T07:00:00Z,165.273,site-a
2025-03-23T08:00:00Z,171.558,site-a
2025-03-23T09:00:00Z,166.269,site-a
2025-03-23T10:00:00Z,166.733,site-a
2025-03-23T11:00:00Z,169.146,site-a
2025-03-23T12:00:00Z,166.524,site-a
2025-03-23T13:00:00Z,161.271,site-a
2025-03-23T14:00:00Z,158.071,site-a
2025-03-23T15:00:00Z,157.575,site-a
2025-03-23T16:00:00Z,149.959,site-a
2025-03-23T17:00:00Z,147.944,site-a
2025-03-23T18:00:00Z,144.647,site-a
2025-03-23T19:00:00Z,139.856,site-a
2025-03-23T20:00:00Z,137.86,site-a
2025-03-23T21:00:00Z,139.742,site-a
2025-03-23T22:00:00Z,139.56,site-a
2025-03-23T23:00:00Z,141.135,site-a
2025-03-24T00:00:00Z,159.678,site-a
2025-03-24T01:00:00Z,162.278,site-a
2025-03-24T02:00:00Z,163.024,site-a
2025-03-24T03:00:00Z,167.787,site-a
2025-03-24T04:00:00Z,174.259,site-a
2025-03-24T05:00:00Z,178.057,site-a
2025-03-24T06:00:00Z,178.939,site-a
2025-03-24T07:00:00Z,179.064,site-a
2025-03-24T08:00:00Z,187.834,site-a
2025-03-24T09:00:00Z,182.389,site-a
2025-03-24T10:00:00Z,182.363,site-a
2025-03-24T11:00:00Z,185.943,site-a
2025-03-24T12:00:00Z,176.581,site-a
2025-03-24T13:00:00Z,174.372,site-a
2025-03-24T14:00:00Z,172.672,site-a
2025-03-24T15:00:00Z,172.793,site-a
2025-03-24T16:00:00Z,165.369,site-a
2025-03-24T17:00:00Z,166.492,site-a
2025-03-24T18:00:00Z,156.925,site-a
2025-03-24T19:00:00Z,160.356,site-a
2025-03-24T20:00:00Z,153.93,site-a
2025-03-24T21:00:00Z,157.035,site-a
2025-03-24T22:00:00Z,154.945,site-a
2025-03-24T23:00:00Z,156.856,site-a
2025-03-25T00:00:00Z,155.968,site-a
2025-03-25T01:00:00Z,160.602,site-a
2025-03-25T02:00:00Z,166.506,site-a
2025-03-25T03:00:00Z,166.335,site-a
2025-03-25T04:00:00Z,176.353,site-a
2025-03-25T05:00:00Z,179.076,site-a
2025-03-25T06:00:00Z,182.951,site-a
2025-03-25T07:00:00Z,183.889,site-a
2025-03-25T08:00:00Z,187.194,site-a
2025-03-25T09:00:00Z,181.19,site-a
2025-03-25T10:00:00Z,181.783,site-a
2025-03-25T11:00:00Z,186.159,site-a
2025-03-25T12:00:00Z,180.988,site-a
2025-03-25T13:00:00Z,179.751,site-a
2025-03-25T14:00:00Z,175.223,site-a
2025-03-25T15:00:00Z,172.158,site-a
2025-03-25T16:00:00Z,162.615,site-a
2025-03-25T17:00:00Z,160.795,site-a
2025-03-25T18:00:00Z,160.485,site-a
2025-03-25T19:00:00Z,159.549,site-a
2025-03-25T20:00:00Z,155.569,site-a
2025-03-25T21:00:00Z,156.852,site-a
2025-03-25T22:00:00Z,153.023,site-a
2025-03-25T23:00:00Z,155.034,site-a
2025-03-26T00:00:00Z,156.118,site-a
2025-03-26T01:00:00Z,159.316,site-a
2025-03-26T02:00:00Z,250,site-a
2025-03-26T03:00:00Z,250,site-a
2025-03-26T04:00:00Z,250,site-a
2025-03-26T05:00:00Z,250,site-a
2025-03-26T06:00:00Z,250,site-a
2025-03-26T07:00:00Z,250,site-a
2025-03-26T08:00:00Z,250,site-a
2025-03-26T09:00:00Z,250,site-a
2025-03-26T10:00:00Z,250,site-a
2025-03-26T11:00:00Z,250,site-a
2025-03-26T12:00:00Z,250,site-a
2025-03-26T13:00:00Z,250,site-a
2025-03-26T14:00:00Z,250,site-a
2025-03-26T15:00:00Z,250,site-a
2025-03-26T16:00:00Z,250,site-a
2025-03-26T17:00:00Z,250,site-a
2025-03-26T18:00:00Z,250,site-a
2025-03-26T19:00:00Z,250,site-a
2025-03-26T20:00:00Z,250,site-a
2025-03-26T21:00:00Z,250,site-a
2025-03-26T22:00:00Z,250,site-a
2025-03-26T23:00:00Z,250,site-a
2025-03-27T00:00:00Z,250,site-a
2025-03-27T01:00:00Z,250,site-a
2025-03-27T02:00:00Z,250,site-a
2025-03-27T03:00:00Z,250,site-a
2025-03-27T04:00:00Z,250,site-a
2025-03-27T05:00:00Z,250,site-a
2025-03-27T06:00:00Z,250,site-a
2025-03-27T07:00:00Z,250,site-a
2025-03-27T08:00:00Z,250,site-a
2025-03-27T09:00:00Z,250,site-a
2025-03-27T10:00:00Z,250,site-a
2025-03-27T11:00:00Z,250,site-a
2025-03-27T12:00:00Z,250,site-a
2025-03-27T13:00:00Z,250,site-a
2025-03-27T14:00:00Z,250,site-a
2025-03-27T15:00:00Z,250,site-a
2025-03-27T16:00:00Z,250,site-a
2025-03-27T17:00:00Z,250,site-a
2025-03-27T18:00:00Z,250,site-a
2025-03-27T19:00:00Z,250,site-a
2025-03-27T20:00:00Z,250,site-a
2025-03-27T21:00:00Z,250,site-a
2025-03-27T22:00:00Z,250,site-a
2025-03-27T23:00:00Z,250,site-a
2025-03-28T00:00:00Z,250,site-a
2025-03-28T01:00:00Z,250,site-a
2025-03-28T02:00:00Z,250,site-a
2025-03-28T03:00:00Z,250,site-a
2025-03-28T04:00:00Z,250,site-a
2025-03-28T05:00:00Z,250,site-a
2025-03-28T06:00:00Z,250,site-a
2025-03-28T07:00:00Z,250,site-a
2025-03-28T08:00:00Z,250,site-a
2025-03-28T09:00:00Z,250,site-a
2025-03-28T10:00:00Z,250,site-a
2025-03-28T11:00:00Z,250,site-a
2025-03-28T12:00:00Z,250,site-a
2025-03-28T13:00:00Z,250,site-a
2025-03-28T14:00:00Z,250,site-a
2025-03-28T15:00:00Z,250,site-a
2025-03-28T16:00:00Z,250,site-a
2025-03-28T17:00:00Z,250,site-a
2025-03-28T18:00:00Z,250,site-a
2025-03-28T19:00:00Z,250,site-a
2025-03-28T20:00:00Z,250,site-a
2025-03-28T21:00:00Z,250,site-a
2025-03-28T22:00:00Z,250,site-a
2025-03-28T23:00:00Z,250,site-a
2025-03-29T00:00:00Z,250,site-a
2025-03-29T01:00:00Z,250,site-a
2025-03-29T02:00:00Z,250,site-a
2025-03-29T03:00:00Z,250,site-a
2025-03-29T04:00:00Z,250,site-a
2025-03-29T05:00:00Z,250,site-a
2025-03-29T06:00:00Z,250,site-a
2025-03-29T07:00:00Z,250,site-a
2025-03-29T08:00:00Z,250,site-a
2025-03-29T09:00:00Z,250,site-a
2025-03-29T10:00:00Z,250,site-a
2025-03-29T11:00:00Z,250,site-a
2025-03-29T12:00:00Z,250,site-a
2025-03-29T13:00:00Z,250,site-a
2025-03-29T14:00:00Z,250,site-a
2025-03-29T15:00:00Z,250,site-a
2025-03-29T16:00:00Z,250,site-a
2025-03-29T17:00:00Z,250,site-a
2025-03-29T18:00:00Z,250,site-a
2025-03-29T19:00:00Z,250,site-a
2025-03-29T20:00:00Z,250,site-a
2025-03-29T21:00:00Z,250,site-a
2025-03-29T22:00:00Z,250,site-a
2025-03-29T23:00:00Z,250,site-a
2025-03-30T00:00:00Z,250,site-a
2025-03-30T01:00:00Z,250,site-a
2025-03-30T02:00:00Z,250,site-a
2025-03-30T03:00:00Z,250,site-a
2025-03-30T04:00:00Z,250,site-a
2025-03-30T05:00:00Z,250,site-a
2025-03-30T06:00:00Z,250,site-a
2025-03-30T07:00:00Z,250,site-a
2025-03-30T08:00:00Z,250,site-a
2025-03-30T09:00:00Z,250,site-a
2025-03-30T10:00:00Z,250,site-a
2025-03-30T11:00:00Z,250,site-a
2025-03-30T12:00:00Z,250,site-a
2025-03-30T13:00:00Z,250,site-a
2025-03-30T14:00:00Z,250,site-a
2025-03-30T15:00:00Z,250,site-a
2025-03-30T16:00:00Z,250,site-a
2025-03-30T17:00:00Z,250,site-a
2025-03-30T18:00:00Z,250,site-a
2025-03-30T19:00:00Z,250,site-a
2025-03-30T20:00:00Z,250,site-a
2025-03-30T21:00:00Z,250,site-a
2025-03-30T22:00:00Z,250,site-a
2025-03-30T23:00:00Z,250,site-a
2025-03-31T00:00:00Z,250,site-a
2025-03-31T01:00:00Z,250,site-a
2025-03-31T02:00:00Z,250,site-a
2025-03-31T03:00:00Z,250,site-a
2025-03-31T04:00:00Z,250,site-a
2025-03-31T05:00:00Z,250,site-a
2025-03-31T06:00:00Z,250,site-a
2025-03-31T07:00:00Z,250,site-a
2025-03-31T08:00:00Z,250,site-a
2025-03-31T09:00:00Z,250,site-a
2025-03-31T10:00:00Z,250,site-a
2025-03-31T11:00:00Z,250,site-a
2025-03-31T12:00:00Z,250,site-a
2025-03-31T13:00:00Z,250,site-a
2025-03-31T14:00:00Z,250,site-a
2025-03-31T15:00:00Z,250,site-a
2025-03-31T16:00:00Z,250,site-a
2025-03-31T17:00:00Z,250,site-a
2025-03-31T18:00:00Z,250,site-a
2025-03-31T19:00:00Z,250,site-a
2025-03-31T20:00:00Z,250,site-a
2025-03-31T21:00:00Z,250,site-a
2025-03-31T22:00:00Z,250,site-a
2025-03-31T23:00:00Z,250,site-a
